user_id,book_id,borrow_date,return_date,reservation_status,overdue_status,user_role,book_category
d166c2c3-a24a-482f-bd50-c1c2b115aea4,ed728782-79ea-4cec-ad23-236e745caff6,2023-03-13,2023-03-29,True,1,student,non-fiction
902f3b25-7d14-4943-8aff-27b3eac9a7aa,02903451-e16b-49e3-8afc-69cba817208d,2022-04-02,2022-04-07,True,0,student,art
6cee8789-3fbe-4b35-bcf5-a891484adefe,ba2eacff-aa53-4950-bd8d-5fe7d8a4db49,2023-06-06,2023-06-08,True,0,faculty,history
588e367e-1a23-41dc-a8a0-127a482c2e6a,6a350522-8b9a-4581-aaa8-48e8ec90d997,2022-10-05,2022-10-24,False,1,student,non-fiction
3d15c259-fced-4210-9d6c-28292e9ded79,1bcb4fa7-7e2c-41f9-8d6a-73e7c06db0ce,2020-07-04,2020-07-09,False,0,student,fiction
08152cfd-e6f1-4e73-a724-cfcc834aa6f4,3b88f23b-acea-47a0-b152-fef8c15cd092,2023-10-28,2023-11-15,False,1,student,art
1978fe94-f10d-4f02-a646-67feeb3e6e04,d236345c-2c29-4563-b468-864cb04db7d0,2023-04-11,2023-04-30,False,1,staff,science
d96237eb-0852-4437-a533-b2391adb419d,a0c97d67-f478-4656-8241-cf4be94598a1,2023-07-21,2023-08-09,False,1,staff,fiction
c39287df-44f5-48d9-9948-e3454008ccd0,66e82aea-b2f9-465c-808f-75e3ca7e5ddd,2022-09-01,2022-09-16,True,1,student,non-fiction
0aa0b427-f3bc-4ed6-924d-25589bfdc5f1,f068d1ee-c021-4785-bd39-a2761563dbc1,2023-07-10,2023-07-16,False,0,student,science
3ba543e6-de43-4617-a842-0d25d0575228,189c7d11-a688-4ded-8df6-63421e04d767,2022-08-19,2022-09-05,True,1,faculty,history
659c1a0a-ff9c-43f7-89c4-7eef8569993b,30cdde06-61be-4054-bdee-016d456b752c,2022-05-03,2022-05-10,False,0,faculty,history
051da1f3-b89c-4362-ad9f-82b973f58a7c,b9e9c236-0285-42b7-984a-08882ec33074,2022-12-14,2022-12-19,True,0,faculty,science
6b8210d8-1ce6-4d3b-ba46-8b1e783c498b,5407120b-c070-4847-a64f-3f6ce6b2e564,2022-01-09,2022-01-14,False,0,staff,non-fiction
4832f962-3500-4322-8b4a-f929163b6319,5af59b26-33ab-430f-acbf-0b6bf11fd922,2020-06-10,2020-06-19,False,1,staff,science
17c42fd4-5879-4411-9a10-81258964ef84,6ff5352e-dc52-4c63-95ee-455c60a78cb0,2022-07-04,2022-07-21,True,1,faculty,non-fiction
45ec49fc-23db-4ce1-905d-0fb2d6a84a2b,378c64bf-80ef-488f-944b-40df16b4b560,2020-07-27,2020-08-08,False,1,faculty,art
e1004b37-d310-4f75-a48d-22bf1a4e9baa,945274f5-e6be-45b9-b712-8234bb52f086,2024-01-16,2024-01-18,False,0,student,fiction
22ed892c-c5a6-4d6c-82c8-9217d19e4658,b49652a5-07b2-43cc-a343-a3d602cde62b,2025-01-03,2025-01-19,False,1,faculty,fiction
7bbea47c-dfce-4aef-b0ef-e76bfcc370dd,90ef82b4-8156-4c4a-a34d-1df5cae07ee3,2023-11-11,2023-11-27,False,1,faculty,science
82e53bb4-d3f5-4a58-b1a4-736ced12b217,4096c676-4694-43f2-965a-d6162c80d273,2023-07-24,2023-07-27,True,0,staff,history
5604774a-a1a0-40e9-aae2-18d46e556606,5c6db975-7cd8-4a3f-a35d-dc35b6a6739e,2021-09-10,2021-09-16,True,0,student,art
f478d61e-8cc9-427f-b8fb-1d157e2d2dce,9d0f8fc8-6394-41b0-923c-1244f2c85c74,2021-10-25,2021-11-11,True,1,faculty,non-fiction
3db993c8-8146-4415-bfbd-eb68f82f7ba2,1a307cc1-1217-4de1-8234-b24acdf56021,2020-02-27,2020-03-09,True,1,faculty,non-fiction
061ee0e7-e157-42f8-9ef9-cd2bcd8e65fd,b3564146-ad68-49ad-af77-5f91ec5d8a31,2025-03-28,2025-03-29,False,0,student,art
dee31570-45bc-42ce-9657-d7c1c910deac,b4f961c0-98e1-403f-bc0b-da82be245a3f,2023-08-03,2023-08-21,True,1,faculty,science
2a9f6a8c-29bf-47ec-9db1-e4d6577e580e,5428efda-42bc-43fa-97e0-5485cd698ad6,2021-07-06,2021-07-09,False,0,student,science
66e53f81-38e9-4d4a-8c5c-190afbd260ff,15cf7450-54f8-4c14-ac97-cbdfb126756a,2020-10-06,2020-10-15,True,1,faculty,fiction
dd80e74c-9fdb-4e7f-933b-48569fa5c061,b0659ecb-415f-4d66-bf9a-2a54a2de993e,2020-08-05,2020-08-07,False,0,staff,non-fiction
7ea89c51-75d2-4d75-9ef2-bb2590287056,99d1b855-06a2-4090-83fd-cdb04d77dac1,2024-02-04,2024-02-18,True,1,faculty,history
d6753d98-cab9-4f08-8379-39f9e9b7d8c9,78c030f4-0fc7-47fa-b722-3bd12d4253e1,2024-12-29,2024-12-30,True,0,staff,fiction
8b093098-7d34-4cc7-82bd-08f87a7410d1,403ba40e-ddda-4b4b-8550-65c41d799227,2020-07-03,2020-07-19,True,1,staff,non-fiction
ddbb842b-23cd-437c-97ad-1f181ca8c7bc,c4712426-e35c-4a1c-9226-9e14873036ff,2024-09-13,2024-09-25,False,1,faculty,science
10e782bd-6be0-4941-ac0e-fd48aea3ee4a,1bcf1313-acbc-4e1f-a61c-fa9eccab9420,2021-06-11,2021-06-26,False,1,faculty,art
a468608f-a073-4ab4-8819-86bedbb936ff,1a858966-b403-4417-b229-c4343946e592,2022-03-17,2022-04-05,True,1,faculty,non-fiction
ee7a4102-c66a-4470-8e2b-d26860a2b887,d06580ff-6693-4668-b1f4-22025052ad26,2021-07-30,2021-08-06,False,0,student,science
0e67731e-d846-48d5-93c0-46e534366619,e67de719-fe80-4832-b5c9-e6b73c3e167f,2020-04-29,2020-05-18,True,1,student,science
5d67e76d-b10f-476f-858f-29662f709bc8,9e8a749e-9693-490c-a898-3d131f8b01ae,2021-12-14,2021-12-20,True,0,staff,non-fiction
48baadee-fd43-4e13-9e67-1224a975ceec,588f0d34-8e5c-42b5-9f5e-2ccfc4d8a332,2024-11-02,2024-11-12,True,1,student,art
de516d49-27a3-489a-b621-62d9ff085d9a,7cfae727-49c9-4207-a3c0-ee0cd0e4bc67,2022-11-24,2022-12-01,True,0,faculty,art
8da8af71-1cff-4f0d-90ef-235731ee3e9c,6c84f847-6d26-449c-9100-6169fb91a9ae,2024-01-19,2024-01-26,True,0,student,fiction
dbd1394f-78f1-4047-8abd-a0f9728314c7,5393fb46-e056-41f3-8e2e-fbf3ead1a998,2022-01-29,2022-02-15,False,1,staff,history
bd4a752e-2c10-44ad-881a-6f060dbcfba5,f0d06384-86cc-4039-bacf-4cc9bc6918d1,2020-06-10,2020-06-11,True,0,student,history
90f40d08-6856-45eb-a25e-e6272f082901,cefefa8a-17a1-4839-9462-910601ca004a,2020-01-31,2020-02-12,False,1,student,history
43a97157-fb25-4141-8c05-d17b2fc2052b,29062e2a-e20c-4db6-9b4d-475dcecf5ed3,2025-01-02,2025-01-12,True,1,staff,non-fiction
1899a199-f3fc-4a24-a07f-afb28a863d04,7c6180d8-3a76-48e9-855e-9ac459b8b685,2022-12-27,2023-01-14,True,1,student,history
91fc6e4c-00f6-448e-8b7c-364cf3b93d6c,a4ccd920-56e6-468e-add2-fc59a3493ef7,2021-01-27,2021-02-02,False,0,student,art
2e5e91bb-7ece-4ece-bd37-fe6c2486bf67,dd56fc57-168e-46b3-8795-9ac0ca6ccbeb,2023-04-12,2023-04-22,False,1,faculty,non-fiction
266c815b-b35f-4e75-81c6-8619216662d8,488a7a0a-4a9a-4536-a5f1-26dc8a425783,2023-05-31,2023-06-11,False,1,staff,science
1b0c04bd-7a28-461f-8509-b863b1e07453,78ca698f-8699-4140-9497-61f8814ed526,2020-01-20,2020-02-02,True,1,staff,science
9c3dc6de-3b65-4c78-ba73-f4bfb1fee07d,746b79aa-b654-46f9-9f51-3b20b16e5304,2023-07-01,2023-07-10,True,1,faculty,fiction
1c89916d-f56a-4aa6-a9a0-9770934d09f2,a4d81b53-e1b4-42f0-b2c1-9be6a514d6a3,2023-12-04,2023-12-13,False,1,student,art
42819df9-43ee-472f-9c03-a46bdf595c22,43d2ae6d-9963-41d0-8b20-3a57f9489455,2022-03-14,2022-04-02,True,1,student,art
0278dbc4-0c89-4da8-8abd-5aff7dd3892f,a0c10a90-304d-4afc-a3ca-14c32f2721f9,2024-03-28,2024-04-04,True,0,staff,art
7c7568ed-47d6-4718-aa2f-d43146b64023,70b0bb07-b7a8-47e9-b14a-a6edfce8ae10,2020-10-02,2020-10-09,True,0,faculty,non-fiction
72045023-74ad-42ea-ad83-be4b772651b9,4dd62775-6c66-471e-8fff-c9edaeb6547f,2022-11-17,2022-12-07,True,1,staff,science
64e2557c-ba1e-4ec7-a721-cf30371a5c25,0d8b7088-6f83-42c4-a527-28b81e4519af,2021-01-04,2021-01-08,True,0,staff,history
8e1285cf-638d-4aa4-9f16-99c068e8a311,065b33bf-4ba5-44f9-802e-615710ec20c9,2022-03-26,2022-04-14,False,1,student,art
63683480-60ca-4956-8281-c91ee512c688,50940536-5cad-4904-81e9-fb258ae90dba,2024-01-21,2024-02-08,False,1,student,history
0ebce360-13ab-4c4e-be34-5f1957d7a30b,72e9f9a0-fbb2-41ac-902f-4db7339c84fd,2024-09-24,2024-10-07,False,1,staff,fiction
bdc7c891-31ec-43e3-8e1f-4b2901b92d26,7d132742-8a10-4b3e-a835-eb555766dcbf,2020-07-27,2020-08-07,False,1,faculty,fiction
97f77b73-65f1-4552-b239-4fb9204c1d68,066bfa13-5da6-41e4-a62b-1fa52e13ddca,2021-06-24,2021-07-14,False,1,staff,non-fiction
564561c2-1518-4bf6-8e67-9cfadd19d3fb,6dc214be-d69d-4fe2-bd61-9f4cbcc846c8,2022-08-27,2022-09-03,True,0,staff,fiction
c5c7cc4b-9529-4bf2-9cd6-2c51ef509a45,b9f45299-2aac-4c4e-84a9-7696245e2aba,2022-06-15,2022-06-16,True,0,staff,art
f5c13e00-9b34-406c-8d04-056e06f45617,629d82cf-985e-4734-a4a0-17eba2200502,2022-06-29,2022-06-30,False,0,student,history
3dd89df9-ec09-4220-99d3-a35e6f734813,76bb136f-63bd-4065-a16a-b80537ae3f2b,2023-10-30,2023-11-04,True,0,faculty,art
beec6c7f-cbfe-4cad-8278-7e5629af36ba,6225dbf2-37e3-4406-a7ce-1fbbf031d53b,2020-12-14,2020-12-18,True,0,staff,history
85cb0da4-1386-49a1-86ce-16c938977aa3,9bbf98c6-09bd-40d8-a353-46124d7fb156,2020-06-08,2020-06-17,False,1,staff,science
1a728407-cd91-4765-ad01-4938edb84a33,0d1ab944-0cf7-4b93-8652-70ebaa853ee8,2024-11-08,2024-11-21,True,1,student,science
d0fb66ee-16fc-4b58-abf9-7c68bc0edff4,8bbb5c6f-4268-4216-9983-9fedb9919072,2023-05-29,2023-06-10,False,1,faculty,non-fiction
0c7becb1-12f0-4429-b710-d94f4397f0dd,b8a64e09-3c87-4edc-a5e8-30fd159a1f12,2022-08-28,2022-09-12,False,1,student,art
43d1bdf4-1ecb-4cbc-a5dd-f4bddd48e9f4,a28b2502-1217-4a67-9cd9-00ea952f6bf3,2025-01-03,2025-01-21,False,1,student,history
bce175d6-9ada-47da-9983-1641d1cefe69,ebc789d6-bcae-45a9-8ddf-934a314366ac,2021-05-13,2021-05-27,True,1,student,non-fiction
66378735-b455-49f4-9b49-6da5eaa0e665,06a75f30-5967-4d1c-b0cf-69e3b67e2cf8,2023-10-07,2023-10-12,False,0,staff,art
f37bdaca-8e31-43b5-bfe8-e5f7a6af1ed4,7ec70de8-385f-4db0-825a-9e9b5617bba2,2024-10-27,2024-10-29,True,0,faculty,science
38ff90f8-c9c8-4df9-8524-e424427efc22,2a7e9e16-f449-4789-b279-223894c9bf59,2023-05-09,2023-05-17,True,1,student,art
83a49047-db37-42d9-870c-4d400cc4b7c3,e142e38a-a359-44ac-98ff-85823e4875a8,2022-03-04,2022-03-22,False,1,student,non-fiction
e909d576-abfe-456b-8525-b1e5f15a6cb8,2fe3988e-64e0-45d2-a729-bde1804b20c8,2020-01-29,2020-02-05,False,0,student,non-fiction
bf76276f-3639-475f-a1ab-feb83467754f,1efa5f36-45f2-4275-9a40-aa2dc931feb7,2022-11-11,2022-11-27,True,1,student,fiction
2b200ed6-05d8-47bf-8941-8e3503a5a4b8,72920b42-2737-4483-b4a7-841b6758fc02,2023-01-19,2023-01-30,False,1,staff,fiction
f87c66c8-acc0-488d-a1f2-b3f3521b6854,8b803044-ca35-447e-abcc-0d0a208007eb,2023-08-04,2023-08-06,False,0,staff,science
641fec8a-9595-4959-8814-73dbee477aaa,2c356203-cf3d-4c0f-9204-6d0177f7eadf,2022-01-11,2022-01-20,False,1,faculty,non-fiction
bae507d4-7013-4200-807c-ee898a4a8dfe,b1451dd5-9995-4c98-a367-cd4ade3076dd,2023-04-20,2023-05-10,True,1,faculty,art
6d7bbdb6-10fd-4335-98a3-6175b61533ed,b46f4bef-9018-4eea-93ff-24f27e999132,2020-11-12,2020-11-13,True,0,faculty,art
e4c94e4a-354a-4c63-8ab4-c5d885e6c157,2a9fd75f-9e2f-4ea9-9cfc-a71c86f2f7a8,2021-11-06,2021-11-26,False,1,student,history
f2d4eb9d-097e-4539-b674-06acdcab93ad,83285bfd-7399-489b-8c11-1d354ff7eaaf,2023-07-02,2023-07-18,False,1,student,science
034b4101-a065-474f-87ca-57c41d819ef6,46181f84-cf40-407f-8617-923497c54de8,2022-01-31,2022-02-09,False,1,staff,history
5c0e9a2b-2fa3-4490-b3d8-63228618cdb5,768c63ee-0467-4710-9849-949d9c2b6a6c,2022-11-21,2022-12-05,False,1,staff,fiction
9a87da11-0fad-4d95-a835-2324fe15cac0,4b5429fe-35bd-49b7-88c6-1f913d2e3957,2023-08-09,2023-08-22,True,1,student,science
8688f134-43ed-40ea-a744-84a01872a9b9,523a130c-7299-42a5-bb0e-e28acdbf81fb,2021-07-11,2021-07-18,False,0,student,fiction
521dbf73-c4fb-455c-af74-1edd693abb6d,2ca6b7d7-abdc-44e5-9873-9b39344671fd,2020-02-28,2020-03-09,True,1,student,history
d2347f95-33e6-4681-9854-4ef76da4455e,3db703fe-9d35-400a-ac3e-1cac913b5ae1,2023-06-12,2023-06-17,True,0,faculty,fiction
efbd6e09-8e62-4457-b30e-f57b352dc0b0,c3fa5d00-cc18-4ed9-b297-97da1a8091c6,2020-09-04,2020-09-18,False,1,staff,art
58801218-6418-4300-8670-4e2db3dad53b,89bec0db-a885-49fc-9455-f3877b72ca78,2024-11-05,2024-11-06,True,0,faculty,art
b4b19974-7db9-4f56-b939-bfb8e7f79729,baf28394-a4cd-4fd1-9a8c-3b2e8cf3e9c4,2021-05-10,2021-05-15,True,0,staff,science
1c0714e9-e19f-4079-9219-aef76d5af1e2,74dec5dc-a38e-45a5-b97b-3e449e7b1848,2023-09-13,2023-09-24,True,1,faculty,fiction
19dfa528-dd6a-407a-b789-ab9079511eeb,dbb6d158-4408-4699-aea3-7222f64abd91,2024-09-30,2024-10-13,True,1,staff,art
cf458f0a-2d1c-40d7-8cbf-d853f1787201,2c6699d0-4292-4431-9b12-d13e3cee7340,2024-09-22,2024-09-30,True,1,student,history
ddc444a2-fde6-4d8a-81d5-ad6d0548de74,c656dd74-2aea-469c-9525-202b395b8134,2020-05-26,2020-05-29,True,0,student,non-fiction
797b47d0-3ea4-4f47-8b3b-5150ff59fc2a,b2546b72-46de-43d2-91f6-7739f72d7215,2024-04-13,2024-05-02,True,1,faculty,fiction
c71786d5-a56e-460a-b11a-93b1a05bf7ef,b614b99b-6cbe-4183-9cad-e3674d6b32ae,2021-07-06,2021-07-16,False,1,student,non-fiction
67bf3fdb-9dea-43d3-a802-f74fd6014105,9af767ff-21e7-4c8d-abfe-72fa81c12e6b,2021-02-24,2021-02-26,True,0,student,non-fiction
69cb69ab-a3f8-427b-b3f7-f30237e9a59f,4d0a18c0-9c86-44a4-81dc-7447812fa419,2023-10-27,2023-11-16,False,1,staff,history
9c0a15c8-75ea-460e-be3f-6ef6258129ec,1fd565e7-52e5-4718-bd3e-dfa47bce812a,2023-01-04,2023-01-15,True,1,faculty,non-fiction
58e3f3d9-0a15-4c27-a188-829e9a51d425,1337aa3c-52ad-45ec-8e2e-654f8d9182bb,2021-09-07,2021-09-21,True,1,student,non-fiction
69798ed6-4e06-4472-b8bf-c04c36e06507,49f237f7-c8e3-43e0-b922-d2713c1deeb3,2023-02-24,2023-03-12,True,1,staff,science
f6d140d5-a61f-4105-a16c-72992a4783fa,51369d2b-ca91-45c7-a488-ed97cc4a2fbf,2024-04-06,2024-04-15,True,1,student,history
438cf1b9-e280-470d-a62e-bf178fbfad3e,6a45057d-3758-43fa-9b6c-524daf8c31da,2023-03-24,2023-04-01,True,1,faculty,history
43691477-90d5-4184-bdbf-187af7c465f4,7f3d5a07-4ce4-4d62-b560-db2ebf8751fe,2020-10-30,2020-11-17,False,1,faculty,science
625e55ad-0fec-437a-8516-0589f07414f1,0cb5e6c0-3e60-426b-859f-e3efe98cb3c7,2024-04-05,2024-04-17,True,1,student,science
0d2941ec-7f83-44e4-a4c4-df37d0568722,94ecd6ca-feef-454f-aa52-f28ae0098d73,2022-07-31,2022-08-13,False,1,staff,fiction
2703df76-ec4b-4dfa-9e90-bdd46b4ced0e,3fc16527-abc4-4e6a-83d2-f4af28666406,2024-05-10,2024-05-26,False,1,student,history
f99162d4-2fbf-4409-a6fb-89a57dac6c42,8537a03f-fc26-49ad-9e03-bf268c7f789f,2022-09-14,2022-09-22,False,1,faculty,history
c8ba38a6-5a69-4469-8c35-153bc50d2f69,cfecf6ea-1659-431c-b1a2-7dbece7622be,2020-02-22,2020-03-10,False,1,student,history
776738c2-df74-4797-98b5-4b4ddbc875b7,62d6ed4b-610d-4948-ab7a-42a01a9bb54b,2021-09-18,2021-10-02,False,1,faculty,history
ce583046-4ade-4b5f-9bb0-9776bcdaff99,c2593ef5-f893-4917-bb9e-fa3e61d58295,2020-10-15,2020-10-29,True,1,faculty,science
114c0e6d-ac9d-46bb-8239-4e02ea462fc2,011adc42-9d74-44c8-b7c0-45912206afc7,2022-07-16,2022-08-01,False,1,faculty,history
90221553-e4b4-4cdc-b27a-dd37a491556d,6b443787-b61a-4de4-85c0-b4c22b669233,2022-03-10,2022-03-14,True,0,student,art
d0eec8ac-80ea-4103-abe1-3c8c80d2491b,0e68c106-6d71-4df5-9bf3-8b89a98fcd9e,2022-04-07,2022-04-18,True,1,staff,science
a8c04b9c-1277-4227-bbcc-a533a4aa3d52,e7196143-6df0-41f6-9511-e1543a4a69f3,2023-10-04,2023-10-07,True,0,student,art
daf7591e-36f6-4085-8344-85f85d6921ad,f54b5cd8-aa62-42ae-a20a-0173874aed49,2024-07-08,2024-07-09,True,0,staff,art
9018975a-5973-4236-bb91-79d743879cae,fdcfd052-b5d1-45b7-9328-3a8e96fef90d,2023-02-04,2023-02-10,False,0,student,history
01ddf8c5-2670-40f8-bad1-4c50056192d2,2fe38992-09d1-48b8-96c6-589b8188a43d,2021-10-21,2021-11-09,True,1,staff,non-fiction
b568a23f-f056-4eb6-9816-3220d9da0dc2,baf3d32f-8129-4ab2-8705-9fcf1b56e496,2021-07-23,2021-08-02,True,1,student,art
6edbe39c-e128-4a9e-a461-67eef7447774,75376c90-3327-47f1-8629-0862346173bd,2022-02-02,2022-02-10,False,1,staff,fiction
89e790ce-a2ff-43b8-b089-c37b257d0a95,f7f6ce37-806d-448f-ae3a-07b014802d78,2023-08-13,2023-08-14,False,0,faculty,art
63a8c736-4d50-4f1a-943e-7e98df85ae63,0ca6f33f-ad48-4ad6-98d5-ea2ecd249dde,2023-06-26,2023-07-01,False,0,faculty,fiction
1a5f6650-4f43-41d1-a6c4-980525c2625c,cc04b09c-71b3-4097-817f-40a67c60bdcb,2023-07-17,2023-07-22,True,0,staff,non-fiction
9c1f751c-dcc6-4547-aea2-5bb6c4ece70e,3ee8b3eb-c50e-426b-b6ae-dedc5e2a0b66,2021-03-23,2021-04-03,False,1,faculty,science
b5890018-de59-4d5e-a966-11fe4b07b020,a19772da-8980-4b5a-8776-4f2de3af5575,2021-04-08,2021-04-18,False,1,faculty,history
335842ed-0b1e-412e-be95-1e66ece0bbb3,96920ffd-e2f7-4383-b4a7-3f1c340419a9,2024-11-19,2024-11-21,True,0,staff,fiction
92ab6427-2ba0-471c-b03f-c0f3b7ef800e,15a24982-5de0-408f-94ed-7697eca49fdd,2022-12-11,2022-12-19,False,1,staff,history
52001fc2-55e4-4662-8681-9fe2ae0e49aa,bd19dace-c9f1-4c32-92ce-d581e24fb27b,2024-11-21,2024-12-09,False,1,faculty,non-fiction
079475cb-203b-4f99-afe1-7508b9edffda,a29b91a9-d7c2-4bfb-bb02-aeee14eab2e7,2022-04-16,2022-04-24,False,1,faculty,non-fiction
16440540-67bb-49ad-8f1f-b1fb1b6dfe5b,883bfb7a-1e92-4c24-97ad-c928ecd54223,2025-03-23,2025-04-12,False,1,student,science
89294a12-2574-40f1-be6e-d114a3c0bde5,62d505ad-15e0-4bfb-804c-99d0915125a5,2021-12-27,2022-01-12,False,1,student,fiction
1d065a5b-027d-4d2f-9a2a-f3cd1d3cc51a,1afb9186-874f-4bac-9078-b816e9ef748f,2023-07-23,2023-07-29,False,0,student,science
d9275afc-aa7b-42e7-b2d9-3e7e8f1abcc4,fb90522e-3d28-426a-ac0a-c5d80feb675f,2021-06-08,2021-06-22,True,1,student,science
fffd0b56-fca2-43f2-9e6c-3c6e1895be0a,6ce634f1-d550-448f-9d70-baf6815059e8,2023-11-12,2023-11-25,True,1,student,non-fiction
98290d6c-c3b6-488c-a891-2bae732cf5fa,72b3abfe-31fc-44b9-a538-dccd8fb6c86d,2022-06-09,2022-06-26,True,1,faculty,non-fiction
e2ece5aa-2951-42cf-8bbc-e9ee575898fc,59a05910-cf9c-495b-9e00-2fa4c2413743,2024-10-15,2024-10-23,False,1,student,fiction
aa2bee43-72b7-4455-9298-5deac858bbde,33e7b593-cacb-44b8-ad6d-248eb212b199,2022-08-14,2022-09-02,False,1,faculty,fiction
20a6c6e3-c358-4b98-81fc-37b725693926,277936ad-06cb-44a7-8b65-c4321f97c155,2020-09-24,2020-10-13,False,1,student,fiction
4f06100b-7f3b-4074-a061-0db997bee1da,a9de27f5-2d4d-47b9-a39e-7ee2df19519d,2024-11-24,2024-12-04,True,1,faculty,science
8ecceb06-3ef3-4609-8d0e-b83844b6e124,f2757ec1-af72-4691-9790-848c50faabad,2022-02-05,2022-02-24,True,1,staff,history
977829a7-123a-4061-b4ea-5245d1bf9390,9b77ff6f-437f-44ed-974f-6499b7ac4e96,2024-07-29,2024-08-17,True,1,staff,non-fiction
a1e321f4-2ad8-4643-ba96-19098dd6ee35,8dcf8b7b-ded4-4d71-aa05-cfad96245c3a,2025-02-04,2025-02-17,True,1,faculty,non-fiction
2c5aad70-a86b-4b69-88f6-0eb60cdf9669,fd3802e5-8649-43ec-ac7a-d0bc47448400,2025-01-27,2025-02-05,True,1,staff,fiction
396714f4-79e6-4016-a817-fab1461c4200,d00d6886-7ca4-4dbb-936b-389f576992a7,2023-10-02,2023-10-12,True,1,staff,fiction
98973423-9734-4992-a9be-d20c55761288,e1f5b880-4fab-4bd5-8e85-94f819142d24,2023-09-17,2023-09-18,True,0,staff,fiction
cdcf7272-e1c0-41fc-8465-60829e17d66a,dedc58dd-b27f-4a07-b27d-f104bd12b596,2023-05-06,2023-05-12,False,0,staff,science
c4489012-c355-4aa7-9149-d3b5b0414354,3434b5f8-b746-4053-aa7e-99d0847529df,2023-12-23,2024-01-04,True,1,staff,fiction
6960b3b9-a542-45d7-a86e-29ba87b2e9ea,35c20d2b-4d67-4ae1-9323-4bb9d511b168,2024-10-07,2024-10-24,True,1,staff,science
3f6bef16-68db-486c-bcf2-91b9e1fea8a5,f0e95e9a-521a-45e9-95bc-c7d4553ffb68,2023-03-03,2023-03-17,True,1,student,art
a8750eea-4fa9-4794-9d35-66f00e03721a,45845269-7197-49c1-8a8a-4197108612c8,2021-11-02,2021-11-14,False,1,faculty,science
60f37918-5990-40dc-a62c-245a86bc6ca6,55a171c2-d74a-471f-b9f7-8f1c5d157e9c,2021-04-15,2021-04-22,True,0,student,fiction
00a8a378-71ac-43a7-9d3a-0f57f3acb51b,25684091-7a46-4995-9b15-ea093f651829,2022-07-18,2022-08-01,False,1,staff,art
2364f085-4fba-4c94-a619-9b06bf8783aa,1669dcf3-b765-4f3b-8193-f61d41482d00,2023-03-28,2023-04-06,True,1,staff,art
a5c99ef7-01c5-4b07-8dfa-8087f7177873,901aea63-935e-490a-8a84-99a8daecf9a3,2023-05-14,2023-05-20,True,0,student,art
5e8b6288-de1b-4e26-9c76-8a69609c90c5,6e8f14dc-fe42-46e2-8648-3deb522d9623,2024-08-04,2024-08-13,True,1,faculty,art
f6c94bf2-50fa-4352-b5e3-668c0e3453ed,073f7ac3-5d4f-4773-a73f-06b34417c4b8,2023-12-26,2023-12-29,True,0,faculty,fiction
3e7afa68-5d98-40d8-a030-260278920624,7548c5bc-5328-4dfb-806e-c36fc838897d,2024-09-17,2024-09-22,False,0,student,non-fiction
131c4ecb-07f1-4e08-bfbb-25dd2fe2602f,d1792694-cf34-4dc5-966e-3b9b5c2f7327,2022-03-11,2022-03-12,False,0,student,history
ae69e609-3a11-401e-a192-ec680b4d4453,c8266f9f-97b2-4ade-b27c-04a974f47232,2024-06-23,2024-07-01,True,1,student,science
e245797e-cda2-431b-be0d-aab25fe68540,8f59bec1-395d-4ce5-b98c-9af99aae387e,2023-11-04,2023-11-06,True,0,faculty,art
ba2be47a-c1ef-475a-88e0-5a2a586d0813,a96dc874-7c3d-4d9a-b695-6fcd296af5d0,2020-03-14,2020-03-17,True,0,student,non-fiction
8e3b070d-6cdd-45c4-98f8-63207de121dd,4b4d0412-ab71-4716-bdae-a6b9cebbe48f,2023-08-06,2023-08-22,True,1,staff,science
ae70d74c-58ca-4edd-be62-f04ed7213280,4e661083-70c4-4f79-8456-0dfee912c94c,2024-03-02,2024-03-06,False,0,staff,science
21d404d0-d00a-4a99-94d2-19031c2bafef,6ed3c4e7-bc09-436e-88b4-732d1b6f960c,2024-12-30,2025-01-15,False,1,faculty,science
75c1c576-6e67-487b-92a6-268b86d96caa,942e5807-39d8-4e25-821b-cb42016fea0b,2020-03-10,2020-03-16,False,0,student,science
7c6cc134-5291-47c9-b5ca-33310470dcb1,166d8b5b-fb2d-4ed2-b0a1-59d88242a543,2023-02-16,2023-03-07,False,1,faculty,non-fiction
c3566bcf-7f84-4f41-8a92-a15c93c223d0,03f437b6-7aaf-453a-a851-b85c7d9deae6,2024-12-09,2024-12-15,True,0,staff,art
c6cc9fc7-1354-45ac-8db4-ceaec6dc4668,6bb8c44c-9cc7-4b7d-8a7f-d50662c553b4,2021-01-15,2021-01-24,True,1,faculty,science
3945af12-f2b6-436b-901f-6b7189c997f3,e0256ece-992c-4a6c-b2f5-75dcce07315b,2023-12-28,2024-01-16,True,1,student,fiction
2f0eb5d3-0f13-4ca2-90e0-12f497064bc0,fabd6b39-5ec2-4b8d-b955-0d53c9840fd5,2024-07-04,2024-07-21,True,1,staff,fiction
51fb7d2c-a1a3-41a8-ba1a-b850ad8cc1d4,809f9e4f-9aee-4a4e-9cf1-f166ac393daf,2024-08-26,2024-09-12,True,1,student,art
81b7199e-175a-4d7e-9662-476f41bd419e,a0634554-a6d9-4636-986a-b3a31bb9256f,2020-07-16,2020-08-05,True,1,faculty,art
0feeee8e-6d6a-40b6-84f9-009b25ff0035,372c68c2-c38b-4d22-856e-f6ed50ceb21b,2021-07-09,2021-07-16,False,0,staff,science
10eb501a-4e6c-4f60-a54a-813687a42f8a,9df9fc0a-a50f-420f-820e-576719e507e6,2020-11-15,2020-11-29,False,1,student,science
14512804-eb98-4ef3-a968-98d85be7618c,a83ab243-fb48-4d6c-b4f0-1ed589cfccaa,2023-06-03,2023-06-21,False,1,faculty,science
710e949e-d7d8-400c-9d5d-0a34618a22cc,fde49b93-d3c6-4062-9c5a-c03311ad24b7,2022-05-18,2022-05-24,False,0,student,history
3516d676-c1aa-44d8-9aff-74039bdb4457,84629672-ae2c-4f12-a4d9-4388c4f200f2,2024-01-04,2024-01-17,True,1,staff,non-fiction
493dee24-538e-4e9c-905b-b3f30b482b9c,3a40aba3-7410-4e38-9cc4-9f9844834e9a,2021-11-02,2021-11-21,True,1,staff,non-fiction
3c1a61a2-b69b-4307-8a93-276a77c853d6,de09b35c-17f7-48b3-809b-954a8030855c,2020-05-14,2020-05-30,False,1,faculty,science
489170ee-e47f-4509-a82b-34ab3fe27284,11e54225-400f-4b66-bcb6-441cf565ea76,2024-05-10,2024-05-17,True,0,student,non-fiction
c96212f4-d98b-4716-bdba-a123198829f4,dfaa1330-ecdc-40c5-9d01-94d08b172182,2023-03-02,2023-03-03,True,0,staff,art
3893e414-f00d-44a8-8fee-b351be5a7913,88ea0fca-92ea-495e-978b-c8364aedbccc,2021-09-14,2021-09-25,True,1,staff,history
62c93e26-ad2c-42d7-8adb-e4ddbd34aa2e,92cb4e2d-ca7a-42bf-9b58-983e80724d55,2024-01-08,2024-01-10,False,0,student,fiction
c5c031d2-b82f-4e8b-b03c-e1bda65a652f,31c7d90a-07b6-4483-b109-8975faaf98c3,2023-03-24,2023-03-29,False,0,faculty,fiction
a352382b-b6de-4204-9302-cd31d1fb1015,c7550c0f-40f3-43a4-bd33-d3885a1ef1f0,2021-02-16,2021-02-19,True,0,faculty,history
ed73312c-9735-4c05-b7a7-96d7d0fa2284,44d14df9-b6f5-485b-aa4c-d500c2de9807,2023-04-11,2023-04-24,False,1,student,history
cc4a57db-1984-417d-bd94-ecc15ad07aac,c6bd2402-23f2-4b6b-94fe-ac422178bb94,2023-12-12,2023-12-28,True,1,student,science
26d6d072-a0eb-42e2-8d5f-179b8214abac,54c5f0d4-ce75-40dc-a8a8-6a8bba6483a7,2022-02-05,2022-02-20,True,1,student,history
4266d722-e84b-4ab5-9095-913c4a5fc377,12929af8-e53c-456b-b5b9-b1835ca14684,2022-06-30,2022-07-08,False,1,student,art
9a6f82a2-779b-4aca-a588-63181b841e36,f04970f1-ee01-489d-b3bd-ad664717b0a7,2022-10-21,2022-11-04,False,1,student,history
d62f20fd-d2ab-4206-9048-e50346146254,45a86b4f-007b-4a77-b43a-5d436834159f,2023-08-22,2023-09-09,False,1,staff,science
693f3e9f-7b00-4a1f-9a83-76b597384812,d58419b7-c35f-458f-875f-96e5770751e2,2022-10-17,2022-10-19,False,0,student,art
54dc1bc4-797e-41e9-9ca4-9b9d204887b2,02c88b28-f2ab-4720-8991-bcab83e58585,2022-09-12,2022-09-16,True,0,student,history
606288f9-661d-481a-a1b8-c9af86ecd627,183dc62d-5c4d-4c8e-a08b-a22e282c5cd4,2023-05-04,2023-05-12,False,1,staff,history
a5e58926-8e7c-4597-a84d-fe06e6073acd,da1772dc-6d28-4015-abb4-9d8cca7e02a4,2022-10-24,2022-10-31,True,0,student,art
7829b408-3caf-4a8a-9f57-f69f737a329f,2474526e-461d-4ea5-842a-178ac6ab4d00,2024-08-11,2024-08-24,True,1,staff,science
469d172a-7348-4357-8819-28476902f1d7,9521ce2c-97d3-469e-8c29-6d44ea80b5e0,2020-06-08,2020-06-21,False,1,staff,art
40f5e21f-9fbf-4e4e-81c0-7e8ade183e66,a76561fc-11cc-4102-b190-54aee3575f49,2022-10-30,2022-11-08,True,1,student,non-fiction
1e4e83e2-1f57-4935-a513-7ad0e98bba31,691a3877-7417-4d62-92e1-34950a8c91a6,2025-01-07,2025-01-16,True,1,staff,non-fiction
7285ccad-bacd-4c37-8f91-6c12d3d6f4f1,17551117-f2ae-4f40-a9e3-24bc7289d845,2023-01-15,2023-01-31,False,1,student,non-fiction
7562bcbc-e074-4011-ab33-8866fdec4298,1b4d577c-98d0-4620-8df8-c4db4de60bb5,2021-06-08,2021-06-19,False,1,faculty,fiction
c554a72a-c286-4913-938f-4e5164f6728c,42b10241-fccb-4f16-98ca-9666b86a0b8a,2023-12-12,2023-12-29,False,1,faculty,science
d1991045-da44-4611-9dc1-2b41e3565436,2080eedf-b27d-4e45-96ba-e9a5465c4725,2025-03-19,2025-04-04,True,1,staff,art
cda6c843-56b8-4b00-b146-bcc54af0aba3,ed53c031-e42b-40a2-8067-73a867ebf2af,2022-06-18,2022-06-21,True,0,staff,fiction
f53c13ea-fbd8-42f9-8574-94fdb0cf98be,5bb6e444-8c10-49a7-a97c-2f6117807ad1,2020-05-21,2020-06-02,False,1,staff,non-fiction
6f8e6c2e-866f-4ce4-8de0-e2f424dcc697,6631d906-43d0-49ec-8593-05e9948e45ca,2022-05-26,2022-06-06,False,1,student,science
81423087-a2b6-4e74-af71-7c2f2081e313,aa4fda03-2a6f-4f3e-8c3f-4a27a8577502,2020-12-02,2020-12-06,True,0,student,non-fiction
2f1f8f5a-13d1-4e35-b9cd-4be324e0cf5a,aff60a0e-b7bc-43ae-bedb-7547db58b541,2021-09-25,2021-10-06,False,1,faculty,fiction
86206719-6306-49d2-ba17-ca7e792888d2,eca9b26a-80ea-4ff5-82cc-1bec02ee9945,2022-03-31,2022-04-06,True,0,student,science
9a61169f-bcbf-44c3-97bd-26698c55aac5,0f4fd475-ed8c-43a8-82a6-3467393b398a,2024-07-21,2024-08-01,False,1,student,non-fiction
a6c3ca70-425c-43a1-a0f9-037466f3175e,8d9e20cd-b604-4788-ba86-e127fd3ca901,2021-03-10,2021-03-20,True,1,faculty,science
ea300a60-b80c-4b4a-95c4-6d69130a3cbf,cb3023ec-455a-45e4-9a14-e22461af3a1d,2022-12-01,2022-12-04,True,0,student,non-fiction
30662514-5695-4b3c-8bdd-2200a0236aa2,a9b1dd93-001f-4661-9af0-df9ad80f4c85,2021-07-15,2021-07-19,True,0,faculty,fiction
db081781-8728-4634-a8ed-1a717a75eab9,913d9f6d-db43-4b83-ab23-01a88b09b506,2021-12-23,2022-01-04,True,1,student,fiction
921f57f8-486c-40c0-9615-d5175575e0a1,54fd2233-cd9c-4824-9165-46d429c0243f,2024-09-26,2024-09-27,True,0,faculty,non-fiction
02ef8506-e8fd-4fad-b76c-c9571fc6ad03,2c9ff48d-b5d6-4df8-b3a8-9557f9451385,2024-06-07,2024-06-12,True,0,faculty,science
c086a3ee-4e76-4ead-8195-d15e334e82f2,56d452e4-06f2-4566-b842-348d24804117,2025-01-24,2025-02-05,False,1,staff,science
e7a291f1-bf81-4a9e-be9f-91fad65f5f64,28bb3df4-3c75-41a9-a566-ddb3a6275f1a,2023-10-20,2023-11-01,True,1,faculty,art
144df5fe-bc61-4f4c-8ec1-54d9d4673593,faca9fc4-ff31-4183-bbda-d8b9986eba4d,2020-09-23,2020-10-02,True,1,student,art
d78b01b1-18a6-4169-92ee-f4a57a390ce9,8ee37c9e-f85b-4bdf-820a-951844b92891,2023-05-26,2023-06-05,True,1,student,fiction
e2c1eb98-1289-4b49-b1da-297728357e81,450c2bd3-e7dd-4467-9ca6-c9b8f99ec64a,2021-07-02,2021-07-11,False,1,staff,non-fiction
97285b56-8775-490c-8f43-0ac55af640ca,c46b64a6-5a54-415d-aca3-e22d65d91525,2021-02-14,2021-03-05,True,1,faculty,science
92207d4b-bd7c-43fa-955f-e9e93c084a91,1e354814-caeb-4655-868d-7ae6d9efb007,2022-07-18,2022-08-04,False,1,staff,art
9dbeb0d8-cb10-4b65-891c-605dfce5b1cf,bc9e118d-a530-4640-8843-eb822f93a55d,2024-08-27,2024-09-14,False,1,student,science
b292f28a-9ef0-4274-85db-86f4e9cc815a,596690c5-7e13-47fb-8dd2-9876cd5133f7,2024-09-07,2024-09-15,False,1,faculty,fiction
6274b29c-e595-4f9d-8cad-e2d16874ab2e,a3b0a0a5-b159-41ad-afe9-1d2b224b5e5e,2025-01-01,2025-01-02,False,0,student,history
f431b23f-7f9b-41b7-bb8d-a30ad3a6d478,ad6ff9e3-7ac3-4ba7-8ca4-69a54b5af79f,2022-08-09,2022-08-21,True,1,staff,non-fiction
994e2d0a-ab25-4be1-b7b9-8dc637b39de9,c9e2f944-a6c4-4402-8f45-1ffe836643f4,2021-10-20,2021-10-28,True,1,faculty,science
47e457fd-ca25-4293-a478-5306fe5f1497,6245242b-eb29-4ada-9f92-5cf623b93bc3,2024-06-12,2024-06-17,True,0,student,history
ace1d2cf-f5da-44b9-a4d9-6b7ce5434f14,7d760332-c64f-4e68-a7da-d0ff834ec33e,2022-09-29,2022-10-05,True,0,staff,non-fiction
c7f23941-6326-42cc-9e9f-e7ed9891c4d1,2c56b52a-38d1-4360-b655-823dade2751a,2022-06-01,2022-06-04,False,0,faculty,art
16c3e444-3009-4a11-a754-738a7ec74efd,8e2a637d-acd5-4c36-af37-ecb3c0658f21,2025-03-10,2025-03-26,False,1,faculty,non-fiction
31c7d0cf-07d4-4048-944d-16c9a8b9d56a,51f6e86c-2773-41c2-b062-15fa956a4377,2023-07-06,2023-07-07,False,0,student,non-fiction
be4a4d2a-281a-41bf-837b-fed9f740497a,52075180-7597-4ce9-89f6-73abb21343fe,2024-05-13,2024-05-30,False,1,faculty,art
e3422640-b2f7-44c6-9176-045adf12f8de,832cdab2-c13c-43dd-8d23-b8632b5b6257,2022-04-28,2022-05-10,True,1,staff,science
9bc72df6-0286-4bfb-9e97-134ff6781eee,f2f688dc-b144-49f7-a2f1-ee2ff67aebc7,2022-10-10,2022-10-18,False,1,student,history
ddd75ec9-45fd-4296-96a9-882346f6f163,8a08a20f-a053-4b53-9c19-e7c9678af2b9,2023-10-25,2023-10-29,True,0,staff,science
3fab7f88-51c9-47b8-b606-41aa5b11f70e,50ce97c0-cdff-4486-b27e-f5e9f05f255f,2021-05-17,2021-05-22,False,0,faculty,history
58ed7b47-fc57-455c-891e-e6b59813ea3f,0bceb847-3ee0-447d-b685-68108e9ad5d7,2022-04-21,2022-05-05,False,1,faculty,fiction
fdde4030-7087-451a-a52c-0c4c337ee8a2,26376480-3449-4078-b9c1-2bd9e53a6002,2024-05-25,2024-06-14,True,1,staff,history
167c0bd5-e76a-41e6-9820-d8a14497f04a,fe13a96f-2e7c-4187-8474-503124997ec4,2022-01-08,2022-01-20,False,1,student,history
49e508b3-ece3-46d1-8323-5f437a1f631a,33ea93ab-c4d6-47b6-acdb-7e123cbc7f9b,2021-10-07,2021-10-09,False,0,staff,science
07119f74-a7e9-484e-af81-f291e406fdaa,01c3dcf0-1b51-48a7-9542-8861093e65cc,2021-12-04,2021-12-22,True,1,faculty,history
c8238d98-042d-42bf-ba4e-393eccf8434d,c3c2a2d6-a9d9-454c-8466-2cf5194d4727,2021-01-02,2021-01-03,True,0,faculty,art
3cf508f4-65c8-445d-91e2-53df9b339dd3,219678a8-002d-442b-b69a-197faffc82e4,2021-06-10,2021-06-24,True,1,faculty,science
3205275b-2fef-4e78-b835-0b10dbaa1a57,177789f9-4792-4870-9308-68073ba0cb39,2023-05-07,2023-05-22,True,1,faculty,history
31c407de-d5f9-4d22-afd4-0fe89d59528e,c78d9344-9b62-4f97-b919-d54e3a589c5f,2021-01-21,2021-01-30,True,1,staff,non-fiction
b7ebfc68-ab1d-404a-9d26-fa1ab6c73cb9,04dca752-fc82-4ee8-907d-f6f866aa7d7e,2022-08-25,2022-09-06,True,1,student,history
1a2c5d44-6fbb-4790-9840-1d9deccc73c0,850dcf6a-b995-4a96-9e24-9ce3089fa4d5,2025-03-02,2025-03-10,False,1,student,art
b8ac73dc-875e-4a51-9cc3-32d6882516d7,5b487875-0404-4ff1-8526-1c29ebab4e49,2020-09-03,2020-09-21,False,1,faculty,history
e83ca9a5-8680-4b93-9d59-c016f4481f39,001aa816-5309-480e-9b10-cb9767e43af8,2020-05-27,2020-06-16,False,1,student,non-fiction
da23d491-9a97-4430-a97e-a503821e60a3,6b7a87ab-d4b0-48a2-b166-4603fc546d84,2024-07-17,2024-07-22,True,0,student,science
96f5413d-9e1e-46a5-8ee5-ab3d30229667,5c6273f4-909d-4a48-895d-c77523e97138,2020-06-03,2020-06-19,False,1,faculty,history
84d7b74d-21ab-496a-bdd8-579fb922fdb5,0856b244-48f4-4ead-a470-a86c4c355a65,2021-10-13,2021-10-18,True,0,staff,fiction
e3edc9aa-a678-4d8e-87a8-53d9387723ee,85483efa-2c45-4f94-9159-a2fd95f5b8d3,2021-04-17,2021-04-21,True,0,student,art
29eac024-20b7-4c15-ab7c-e499405f3e93,4f013af2-59c7-4e07-85e2-7d6ddc68111a,2023-10-24,2023-11-11,True,1,student,art
946d2ed7-c751-447a-86f5-1983a517b212,11f1252a-fe76-4b0b-9241-c65738c80efe,2021-05-18,2021-06-05,True,1,faculty,art
613c9064-e7dc-45ce-911e-179cacebcf33,add5fc01-1652-45f4-b7c5-f782cc6c9395,2023-03-12,2023-03-18,True,0,staff,art
a4df7add-eb61-410f-a10b-03e5fbfd7b6b,b27ec426-7391-4ac9-9a8f-b38deb2f31c2,2020-11-15,2020-11-16,True,0,staff,fiction
7b087d06-51f5-4be9-8cf2-3dd00d81be9b,1ae2d618-adf7-469f-a434-646c8572d75a,2022-08-24,2022-09-01,True,1,staff,art
19e889e7-b642-4d3a-a42e-f851c7c208b7,6712413b-962d-4248-aa34-8f2cf444326e,2024-09-03,2024-09-14,False,1,staff,art
fe109011-4d38-4b01-9fb9-d59efd055e1a,cff4871f-7ddc-4d49-ac0b-32cf204a8d8d,2021-08-22,2021-09-07,False,1,staff,history
d19879cf-b6d8-443f-a312-f52724ee65e5,cd25b4d6-8ddd-4ebf-9b67-83a89c030451,2020-01-28,2020-02-08,False,1,student,science
ba71a4f5-82e7-408b-80fc-623a549be20c,3ef6b3a0-fa95-405f-b309-1260721df4fd,2021-06-27,2021-07-14,True,1,staff,fiction
c9a9b96d-2296-4b69-a4ac-0c808f84be11,f2c5ae03-3738-487e-9559-3ae08f0e15cc,2020-12-23,2021-01-08,False,1,staff,fiction
343e5494-b7a1-4d6b-8337-c96085f18bc8,6af77a3a-d40a-4c6d-afec-f43b8b6b43b1,2022-12-14,2023-01-01,False,1,faculty,art
0e742c6e-30a4-4955-8691-40f68d755b77,609ba4b1-720c-499c-bc17-a2dfd10e596c,2022-10-30,2022-11-05,True,0,student,non-fiction
c34279dc-1382-4e16-8be1-2ac73b01c59f,8206bc4a-c825-4c7d-a78f-63857abe0259,2020-07-24,2020-07-25,True,0,staff,history
bb8bc50f-d23d-40e5-a492-8e2a6ef7beef,0173bedf-6faf-4496-b4d5-83c12de3dca3,2020-11-24,2020-11-26,False,0,staff,non-fiction
ebb83961-1f13-4419-8a21-d1ff0d9d516d,d424fde4-44f5-4aa3-bc7c-bc7ec7911232,2024-10-27,2024-11-10,True,1,student,non-fiction
dfd5e49b-e7d2-46f5-80e8-c5e547af8be5,892b9b03-49d9-49ce-bd53-74ea8b62b0a3,2025-03-24,2025-04-05,False,1,student,history
fcb33abe-e5ff-4a27-9487-82a6b1aa1ecf,7b5bfb4a-9889-4019-89e7-3970325f76ac,2020-12-31,2021-01-12,True,1,staff,fiction
7dec4fa1-d548-48e5-b42c-c98c98b2f2ca,f56c3878-faac-43aa-8a97-b2bf111b60b3,2022-08-06,2022-08-11,True,0,staff,science
85aa3807-fc2e-47f7-8405-53e904a2cca5,7bcd8e04-9577-4cba-a3cc-524dac2aae10,2021-09-18,2021-09-26,True,1,staff,history
a244e16e-5cdb-477c-883a-f2cc093061b9,53cb0f7d-3e7f-447e-99f7-ba272966fd94,2021-11-11,2021-12-01,False,1,faculty,history
f52101f4-6f41-4e0e-9add-3f738d9eac06,239c2f25-481d-4742-b39e-4007198f2972,2020-06-28,2020-07-14,True,1,student,fiction
ec843d60-cdad-4a93-ae8e-9b0249b1617c,ea95ce37-7ee7-4dde-bc4a-d7b16192b868,2022-12-10,2022-12-29,False,1,staff,fiction
f804b799-9460-4276-b3ae-b248e3a37fc8,8450f52b-3fe1-4dbc-a6d9-2b6873666775,2022-11-29,2022-12-14,True,1,student,non-fiction
b189a664-025f-4b8f-89f0-dcc3475550fa,37d82d44-0178-4fd6-ba2d-b1f585c0bb56,2024-02-24,2024-03-01,True,0,faculty,non-fiction
5d878ee8-d428-4a09-96d1-0319874d8932,3e7e3331-787a-4f2e-b24e-46834bdc1ad1,2020-06-20,2020-07-02,False,1,staff,art
37192c12-8d0b-48e8-a557-0ca220020707,b9565a4b-de93-4ee7-a0da-ad2b1a035fbb,2025-01-29,2025-02-10,True,1,staff,art
baa2d63a-fb44-4e13-963c-d207ef58d748,99b805c8-11ec-4093-97f3-ec35c224dca4,2023-11-30,2023-12-04,False,0,student,fiction
91072280-6b48-484f-952b-547458fcf1e4,1da850d1-3947-49a6-ae9a-f6bea74234ee,2020-10-14,2020-10-22,False,1,student,art
e8a6cc7d-2ffd-432d-880c-c106b830398a,582f7e48-d181-4e10-a927-7cd73d7a5e22,2020-01-29,2020-02-06,False,1,student,history
ce98f808-3eee-4466-bb4a-675c0368079d,ebc26c2d-9786-4931-b293-0627b8584b15,2020-07-05,2020-07-21,True,1,student,non-fiction
42f483d9-c514-46e3-b188-9d6564eee4ca,c64651f6-0a47-4c3d-bc68-0d0ccca20666,2022-11-17,2022-12-02,False,1,faculty,fiction
2be02158-58e1-460d-b08a-161f3fc468cb,85e8ad92-9128-40ea-9dca-fd1195f400ba,2022-11-27,2022-11-28,False,0,staff,non-fiction
2fef953c-a033-4b36-9247-70519480b4f4,1ecb3276-ea47-41e6-bbb3-0ffc08153ef6,2024-11-28,2024-12-03,False,0,staff,fiction
cc148fd7-feaa-4fa9-a5d4-49defe5cac32,da8dcef5-310d-42b2-a41a-e62d5e3a4718,2021-01-19,2021-02-06,True,1,faculty,history
96b23b30-de10-4851-8c57-1a69f63cf923,98912335-6aae-4019-828f-f0f860a2d3b1,2022-10-20,2022-10-21,True,0,student,art
e153b845-ed46-4a49-b853-a57b083a3845,bbfd3931-c877-446a-8044-de36f74924f5,2025-01-08,2025-01-13,False,0,staff,art
6a4de4f1-91b1-4bc6-807d-9f6bb478f207,8da81b04-71bf-428f-b573-8f2e5d4137ad,2020-12-04,2020-12-05,True,0,faculty,history
acd7bb69-50b6-4c0d-8530-f7b4b8312fbe,d2ad57fd-81a9-4a8b-9798-640c050fb5ed,2023-10-15,2023-10-31,False,1,student,art
d95b240c-8187-4e90-881b-756511bc98d9,1e587f26-01f9-4e7b-91f4-151d4f5cb5b6,2023-07-29,2023-08-02,False,0,staff,history
52fa28b7-9a0d-4423-ae7a-8da7ac6200d3,e6d56cc9-91f4-441a-843f-2e542584d2b5,2020-03-30,2020-04-01,True,0,student,history
b2bbf489-79bb-4314-a681-8c96ad43c2f7,04180466-767e-4c75-874a-bedf6810fe7a,2022-07-15,2022-07-17,True,0,student,non-fiction
2bae80c9-65e2-4df6-a3c3-11d2922f5a28,54cc7451-226a-47c2-8e00-4eda4c094b34,2024-04-16,2024-05-04,True,1,staff,science
5dd99008-6d9a-460e-b0d2-13e1fb6285b6,e2e99544-bb58-47d7-aad8-8f07e1083cc4,2023-04-22,2023-05-02,True,1,student,history
98e56594-8773-4b2f-9322-97295994376a,33239c10-426d-42f9-ad72-aa69ce61772b,2020-11-13,2020-12-01,False,1,student,art
e6019fa2-5647-4100-97a6-0a6c870f324f,ca9adbce-ebe0-41f9-bc06-b7b48f2cea03,2020-03-17,2020-04-03,False,1,student,art
b54090f7-5cd4-475a-932e-2d610dfcbe33,aa09e21c-bc98-482b-94f3-6238a0886e6f,2022-05-06,2022-05-16,True,1,faculty,science
4e58f208-5636-463a-8c99-d9cc49be0507,b8fc7c69-0b65-422a-9997-7446085d200c,2024-03-19,2024-04-05,True,1,staff,science
7d9e06b6-f09a-48c6-8f60-35077a4f61c2,c056c98e-ffaf-4b77-8c24-70566dffb0c2,2021-08-05,2021-08-11,True,0,student,history
9b26b46d-6360-4696-8238-4f8c3c33a239,a25424e2-d5c6-4869-84b9-85038f8cdfb0,2021-08-12,2021-08-22,False,1,faculty,art
4701992e-a1c3-4633-b4a6-68549816c07b,3774f413-0a88-41f5-a1e3-d2de8c968c00,2020-12-10,2020-12-29,False,1,student,history
cf4b96c0-6a10-4c20-bbdc-e9f912c570cc,b8543240-df48-4037-b518-3a8ea4dff51b,2024-09-17,2024-09-22,False,0,faculty,fiction
297b3770-2378-443d-aee6-3f5396a0d318,409a6bf5-589a-467b-83d1-82a8fb440384,2022-08-18,2022-08-27,True,1,staff,history
7e17733f-df6d-482e-84d3-5ca3870b3e0e,226649e4-1aef-4a34-8dfc-78b2667fb351,2021-07-11,2021-07-20,False,1,staff,non-fiction
36e83925-6884-4a0d-b7c7-cd2872026433,619f6c64-6c23-4014-bb57-13d18755d852,2022-08-04,2022-08-24,False,1,student,non-fiction
738de072-d9dc-4eb0-9ed0-3bdc91da5502,defedcef-316c-4c29-9605-a80d4fa3bdd8,2023-07-24,2023-07-30,True,0,staff,art
cea32131-c4da-4447-93b2-28e139c0dfbb,e9ce12a4-764b-4d68-968b-06c17c605d1c,2024-08-08,2024-08-27,False,1,staff,fiction
a0a4258a-0134-49ce-99d8-f2abd3c6cafb,9fa15d2a-6d20-4520-bdb8-17252c9e5f06,2022-06-23,2022-06-25,True,0,student,history
046b3a46-23e2-4a29-9355-a660e12d08d0,32379ca7-77b6-4238-9251-1ad7cddaa152,2020-02-29,2020-03-09,True,1,staff,art
f10a89a4-8d01-45a2-9245-07743fbe2bc3,2db04909-80a2-4110-beaf-37ab914629d3,2023-06-15,2023-06-23,False,1,staff,art
38a806ce-8848-4f4d-a7cf-932d1a7e341f,4c43cdbd-a67b-406e-b057-ad7874d300ba,2023-08-20,2023-09-06,True,1,staff,art
468b5a03-9cdc-4a23-8da7-29fde0a7b78b,5dd64d87-5929-4556-8f7b-73734a9069ee,2025-03-15,2025-03-18,False,0,faculty,science
733c209d-c1b3-46c1-b062-a11b7d5e774a,1e053d49-bb1f-40d2-8ba9-678539956105,2025-04-13,2025-04-22,False,1,staff,history
381f5b80-0d06-4ad5-8ef5-e0536c0a8b9f,b1ac6aee-332a-419e-bc58-9dc921928603,2023-07-18,2023-08-01,False,1,faculty,fiction
19d2a70c-ffe5-45a8-aa89-8e68fb04240b,2c5b2830-a138-4785-9959-17bb653dff41,2023-11-09,2023-11-23,False,1,faculty,science
595e2ca2-3e94-4836-a98e-669e0ff96faa,0376b659-6db8-451f-b10c-b7411b4f41f9,2023-07-20,2023-07-30,False,1,staff,art
2e4bbc65-5bf9-459d-bcd5-f8965b48c970,519307d9-5b96-4a00-aa16-8dc2a6765a6e,2024-11-01,2024-11-12,True,1,student,non-fiction
c5092511-80cc-43d1-bb2a-6a42b137c273,e2637b47-df3e-4ab1-8a40-57704e4f1648,2023-11-06,2023-11-10,True,0,student,science
b3123a24-b511-48fe-8c59-37f9a40030f7,bff678e0-6f14-40f1-a2c6-f785dfebd9e0,2023-06-10,2023-06-19,True,1,faculty,history
abd135b5-fff8-48ec-a050-aa0caa3af848,e7af04de-044a-4047-bf21-f138c5c8c2d5,2024-01-28,2024-02-17,False,1,faculty,science
b1aeb6a4-7209-4814-8483-8f3cdeb06ae4,601e7d72-7b58-4581-aa03-4525361c8186,2023-02-23,2023-03-12,True,1,student,art
263c6b4f-9606-43d8-b909-3097618e1963,6075f508-20a6-48bc-8c99-f26dd0d513af,2023-08-21,2023-08-27,True,0,faculty,history
3fdf582d-145f-4249-bd3e-5435cc82b257,b2bca833-c918-4c1c-8076-c4f402c3d574,2022-09-02,2022-09-17,False,1,student,art
b87d4575-7ffb-4796-9a99-d96267f03501,e3a73e2c-b5df-4dde-ab48-2df9e6297d88,2020-10-09,2020-10-18,False,1,faculty,art
f07e5149-3ae3-4a62-8cc1-434127d0a4a4,5a6f5838-dc7e-4584-bcae-d1dea67ea933,2021-10-11,2021-10-17,True,0,staff,art
53c4b0ad-e8e5-4915-ae9e-f1dd624fb049,6e81b3cb-f2bf-4f24-a98a-2be1477de6d8,2022-06-30,2022-07-11,False,1,staff,non-fiction
5208b572-af4b-4cdb-a896-194c16e44648,7ceff713-84af-4e33-aec4-ce6575ec588a,2025-02-11,2025-02-20,False,1,student,art
9815d0d9-89f8-4965-951e-4e4145d83dc4,79bbe9d8-279b-4595-9363-7a3f31ffd450,2023-08-30,2023-09-13,False,1,faculty,science
510fb0b3-f927-4302-a2d2-d6af47f6b348,403757f5-ed11-45de-a749-5c2d28658f08,2023-02-20,2023-02-24,False,0,faculty,non-fiction
8fa8f2a4-3127-447a-ba86-a92505583751,655ee000-4f64-40cb-8918-9a15e02c3d42,2020-05-29,2020-06-11,True,1,faculty,fiction
80fbe059-6438-434c-8200-66e93e09a7b6,202c71ee-24dd-4048-b3b7-752c731b8143,2023-04-11,2023-04-30,False,1,faculty,art
cd2e23ee-6832-427f-b2f2-e94391739a51,14178da1-758b-4ac4-8a30-445b3300f09e,2022-01-03,2022-01-20,True,1,faculty,fiction
f82639c0-b93b-4989-8d18-c40e582943ef,588d4668-ab5d-42ba-947a-982c6dfd25bf,2021-01-16,2021-01-21,True,0,student,science
a8e10d2e-96fc-40d4-a777-7baba07f08fa,3ebf4b46-13bf-4030-ae64-4007be87a06f,2022-11-29,2022-12-03,True,0,student,non-fiction
23bf23a1-790f-4a2a-8270-22f9435d96e4,75357434-f652-40ba-8496-11a77bb9f5d2,2024-03-10,2024-03-28,False,1,faculty,science
968e837f-717a-41f2-b492-45c6363f7665,38391a91-9ce1-4717-971d-2629f11bd9d8,2022-06-30,2022-07-18,True,1,faculty,science
4e88ae6f-2b81-495d-adc6-34e3ab688235,f028a026-267f-47cf-b219-ce94ac2c83d4,2021-07-21,2021-08-07,False,1,student,science
ad7260ab-695f-400b-ae52-5b24a4e72ecb,ad689057-4624-4f3d-a079-1ce9921a844a,2025-01-04,2025-01-09,False,0,staff,science
3a128044-97e1-4034-bec9-c351375831c4,62712cc7-dbbc-439a-a7ac-d465eb600b53,2021-11-08,2021-11-15,False,0,student,history
4a8d39df-9709-48a0-80ed-5ca3edf94594,6853fd32-9f1b-452d-9e02-0775b4207296,2023-02-13,2023-02-24,True,1,staff,history
7b1f92d2-ef5e-48e7-be78-c1f6066eb275,8d9a67ba-91a0-4c38-b7ee-42d1244a2468,2020-12-21,2020-12-25,True,0,staff,fiction
f569432b-9cf4-4a78-b871-8763ef4c3879,0373ce25-a01b-4f78-b249-d098f2b811f5,2022-11-30,2022-12-09,False,1,staff,history
b396f857-7126-451d-85b4-df7f8192264c,15d4b3f0-f102-489c-bb89-c4633ec1d5c4,2022-09-26,2022-10-11,True,1,student,science
b4cff7e2-42d8-4291-90f6-237aea8aeb39,351b5eac-4d2e-4a98-98ba-9dcb41c11834,2021-05-17,2021-06-06,True,1,staff,science
eba66eb4-a7c2-4c8a-99b4-dd71aa679b24,9704b302-5b9c-4238-a815-48f16da6ab97,2020-07-05,2020-07-24,True,1,faculty,art
703ffa73-578e-48a2-a8db-588eba406c34,2e78ddaa-84b5-4496-b97f-aec4b374aff5,2021-12-15,2021-12-18,False,0,faculty,science
5f03b840-ad1c-47fa-8102-257687022a72,161ca6a6-43e8-437c-8b32-009cc297e6f4,2024-02-27,2024-03-03,True,0,staff,fiction
2b00e496-bc41-433f-9f19-465daabece74,6152b2e8-a7fa-47a2-93aa-1119d1920b11,2020-06-29,2020-07-05,True,0,student,art
bcbcaada-854c-4edf-bcb0-f4604dcb113b,369c14f4-8742-4de8-936b-1f325ef51571,2021-05-11,2021-05-30,True,1,faculty,science
b1745dda-1d1e-42cd-8142-11c8073cac27,79e66e90-40e3-495a-aa98-eeadd3702607,2023-05-22,2023-05-25,True,0,staff,non-fiction
6962991e-7fb6-4221-a938-15c52afb473e,2309caa4-a41f-49fc-9360-00b23464d6f7,2025-02-02,2025-02-15,True,1,faculty,science
59039bf6-4726-4610-b538-d884edd7557a,b0182848-94fa-4dab-8142-3e60dfae2415,2020-10-10,2020-10-14,False,0,student,art
c1fbbad4-7e74-4036-9782-7f95ea24379e,7105f536-22b4-482d-9125-0bc69e4d5eb8,2024-04-08,2024-04-28,True,1,staff,non-fiction
034e79d9-972f-42b7-9d5b-ff0801aaa146,8f58ab9b-5468-4c0e-8797-ce2cbb3545b8,2022-07-17,2022-07-26,True,1,staff,history
aa8b9c92-7d6b-463d-8908-0266fbf4ae22,0210b30a-3b29-4eff-ba15-36a7163520bb,2021-02-14,2021-03-01,True,1,faculty,art
191e54f0-a360-4d04-9e65-463ebbb05539,2b999af2-eafa-4a7e-83c0-9b214a6a0877,2024-04-21,2024-05-11,False,1,staff,art
22c6712f-19bb-4031-9738-03e4f756d111,59e04a5d-1d8f-4bc2-bd0b-c77f3b657c65,2022-08-05,2022-08-11,False,0,student,fiction
cb1926e7-3431-4711-9075-0c7f07d11384,5174f501-bd99-4c4d-a770-2d40b03e0b5f,2021-12-17,2021-12-29,False,1,faculty,science
8d5a7706-d41b-46e2-86a7-012015241531,89b877d0-8fbb-4d09-8abe-707a3993d42e,2022-07-11,2022-07-29,False,1,faculty,science
38034698-43fb-469d-8540-e526fc287691,86dcf76e-030d-44ff-93ce-e3bd448be787,2025-03-30,2025-04-01,False,0,staff,non-fiction
6a5e693c-9135-4d22-b48c-14e0db93d0b6,ea262183-22ca-4a1d-bdfb-f88266a39a27,2024-12-10,2024-12-24,False,1,staff,science
a07177aa-5bfd-45f8-a4db-4f4e261d0816,513da8d4-4ad4-4c33-85f4-be943f444af4,2022-11-05,2022-11-13,True,1,staff,art
0dafaf12-f10d-499d-89cf-93155a441580,661b80e3-41ae-465e-97a3-c69cac57b973,2022-11-05,2022-11-24,False,1,student,fiction
1204d181-ba77-42b7-8257-d2fe38097976,07faee88-45a3-40be-b632-ffe505ed9f8b,2023-02-14,2023-02-17,True,0,faculty,science
03a48425-017c-4384-9770-ca4682ea7a68,3f8c9994-fb1e-4965-b764-f4e45bfa7197,2021-09-29,2021-10-01,False,0,faculty,art
5061930b-46cf-4418-84e7-f760e58c8811,cc432093-52d3-40a4-868e-23c6c78a9b4f,2025-01-04,2025-01-09,False,0,student,fiction
a6379d46-cdc7-48b4-bf0b-b926b2563c35,be989349-2807-4173-909e-1a53abc04ac6,2022-12-18,2022-12-23,False,0,staff,art
8eaeac91-3bb2-4d27-94be-6f261968883f,676235db-14c5-459b-96a8-3b6295b269c7,2024-04-16,2024-04-17,False,0,student,non-fiction
90e6d59f-5e26-489b-8ec0-21e8182b81c7,07f444c7-d0e0-4fe1-b7ca-21f9b291c3a8,2024-12-15,2024-12-24,False,1,student,science
23e9e0e4-daf1-4f31-a83a-422bc3a2c595,b7c8715d-c3f2-4a26-99fd-ea90de36efe8,2020-05-09,2020-05-17,False,1,student,fiction
af8ce413-2951-48f0-ab06-d092e2180b62,58aa6bf2-36a6-463f-bc2b-7f0890e52587,2024-11-03,2024-11-06,True,0,faculty,fiction
986d19bd-6058-4bff-8bf1-4d3663f9d364,201095fe-7ad5-4d85-a201-9b7d9e533949,2022-11-11,2022-11-25,True,1,staff,fiction
d0753d15-1446-46a5-bc06-11063b3e818a,f5fa964a-6153-4be9-a148-39d16afd19d8,2021-01-18,2021-01-22,False,0,student,history
1fca98c8-f751-462e-a590-280b3e1ae907,d20da0f0-8bde-4b4d-aa19-6f6972c9991f,2021-01-02,2021-01-05,False,0,faculty,science
699f011c-86b9-450b-b553-323023ebb22a,0f355389-3457-4465-9f3d-05e0c7696ef5,2025-04-06,2025-04-11,True,0,student,science
3560f7ba-46d5-40e3-8c95-34634bfdc96d,12363a3e-63ed-4b6d-9b29-1c74e5282a80,2021-10-10,2021-10-25,True,1,student,non-fiction
c8cedb8e-99be-41ab-88b6-86cc71502226,58d5c53f-2b41-4d15-9cc4-f14ba8875599,2022-07-25,2022-08-13,True,1,faculty,art
768ab2d0-d507-4919-9dbd-74a3d4c219e0,8e4cbb28-4e17-4428-a918-a144d4cb19f3,2021-06-24,2021-07-12,True,1,staff,fiction
e9c37f66-325c-411e-9530-980ca6ec1b2e,bfee7776-5d2d-4eb4-8f2e-a39e33b564d5,2021-01-09,2021-01-22,True,1,student,history
65309f78-4ee4-47ea-9ebe-bc73fc8f78fd,9fb139af-c658-4bbd-aad2-8681167922f2,2024-09-21,2024-10-10,True,1,faculty,history
fbe845ed-67ed-428d-b2bd-486b1fe28bcb,59edf742-9476-49f6-b1e6-47553c60adce,2022-01-23,2022-01-28,False,0,staff,science
7a0decd9-3ad5-4c71-9047-f1594b3d6a16,13609e2a-b549-4200-a552-c9999803942e,2022-03-17,2022-04-02,True,1,student,art
5e4b7fc1-fabe-4a60-ab11-832eb14d5150,08586be8-a72c-49de-bc40-b996897468a2,2020-08-18,2020-09-01,False,1,staff,non-fiction
d48e17da-350e-4d64-94f5-a57312fa3b93,8b44dca9-e2e9-434f-978f-dfade4353966,2020-11-09,2020-11-12,True,0,faculty,non-fiction
73ffdf2a-17bd-4ea0-8589-2e6774846ab8,d4e14764-076b-41a5-86f1-b29ef27817a6,2023-04-28,2023-05-18,True,1,staff,non-fiction
01d80a2f-bee8-48cc-b71f-5355dc1b130d,a38ab740-ac39-4890-b244-241903a2697b,2022-06-17,2022-06-18,True,0,student,history
347a1653-80bd-4170-8ba6-fa76eabe5368,3ca50e00-d14f-4a5c-b36b-a1d2ab4e1d27,2024-07-08,2024-07-23,True,1,student,history
5acff993-a378-412b-8a55-6649ff8190a5,e6af620a-5311-4c79-a8ae-69c572c1ae50,2021-03-13,2021-03-26,True,1,staff,art
9d950925-0c58-4766-bd7b-5e1879586016,69063966-8488-426b-b738-c0a9509dd5a6,2022-10-18,2022-10-22,False,0,student,art
30221f69-d219-4a84-bea5-b12fa8b324f2,cc765e42-7f65-4102-a053-10a7ad01f22d,2023-01-13,2023-02-02,True,1,faculty,history
7e88346c-b5dc-4b18-98b0-5eeaa0ad09df,c54f5d51-de12-4d6d-93f0-b853e5567821,2023-11-08,2023-11-17,False,1,staff,art
72db06d4-5c62-4cb7-8611-8b2da1691abd,dcba6cd1-3c87-4312-8897-95df97163378,2020-04-20,2020-05-08,True,1,staff,history
42dc353e-04f9-4051-90a7-2ec4163a926e,09f11a5f-2fbf-49b3-bfbd-d714d571c665,2020-06-30,2020-07-01,True,0,staff,history
2a08fe43-2220-4449-881e-46d0b2f99609,ee8a4ccf-9470-4547-ac6d-496f37e3aa8e,2025-04-02,2025-04-07,True,0,staff,history
ef60e3bf-1d5c-45ea-9be6-3ebc72d84f5a,4b17b665-748c-4fdc-ae1c-b4612fa200e8,2021-09-19,2021-09-24,False,0,staff,art
264fba0f-d3eb-41c4-99b8-8c330a9f666b,137f3ff9-09c9-4b30-89ce-5ac101a3951e,2023-07-18,2023-07-31,False,1,faculty,history
035272bc-c1da-4c96-88fd-3dfb49724a3b,624936c2-1862-4406-a83c-8c5298e08737,2021-01-10,2021-01-26,True,1,staff,non-fiction
e7066f16-7e93-4b3e-8a88-2fdf6bb8da17,a4342532-5ec5-49ac-87bd-259c7981d3ca,2023-08-28,2023-09-04,False,0,staff,non-fiction
f51e1abd-36c7-444f-b062-0155f61f61d7,3dd32068-afcf-4df2-811f-0686113fe800,2021-08-27,2021-08-31,False,0,faculty,art
0610fbf1-a31b-4f82-9934-a0e7dc9ad56a,08464e20-bbec-45ca-a37e-ff2417b4675d,2023-06-03,2023-06-12,True,1,student,art
fc19afee-de76-444a-849c-fb3c1daa0684,e39c7ab3-3ec2-4483-8792-3ce6c13c5139,2020-07-28,2020-08-08,False,1,student,science
c51d42ab-b6f4-426b-90a9-62426f94ccf9,d4a0159e-780d-47d2-8aab-a6a7083a954f,2020-10-24,2020-10-28,False,0,student,art
0e068d5b-6eeb-4105-ac97-8574efedb6e5,a617eee2-ae49-40c7-ae80-972a490672c4,2020-02-08,2020-02-23,True,1,faculty,fiction
3de4a6b3-339d-4415-bf86-2d3fb256e4f3,ee018d24-8d38-4595-b401-f4aef027101b,2024-09-22,2024-10-07,False,1,faculty,art
eadb6218-d19b-42f4-85f0-6d3c81ff1bf2,b8e0d62b-0735-40dd-8a49-a08743499aae,2020-11-29,2020-12-12,False,1,faculty,history
0221eb89-fdd3-4290-a29f-407214384f3d,fb937c1a-21ef-4b3a-ab9d-2bd2d5a46805,2022-03-27,2022-04-05,False,1,staff,non-fiction
20264370-3e0b-44ab-89a0-12d1b22280f2,159606d2-b07e-48b2-b2c1-8d5d51b8aa3b,2024-08-03,2024-08-18,True,1,staff,non-fiction
e72e3431-0f4c-429f-b349-aef4199502db,5131e68f-8e14-4572-974c-47b432944373,2020-06-01,2020-06-06,True,0,student,non-fiction
60349be8-b135-4ceb-bf2f-badc7d196dd0,f3657486-c3e1-4d4b-85d3-5025f904034a,2021-08-07,2021-08-12,False,0,staff,science
c0895e5c-20b0-48c0-bd3e-a9bf821eb92b,69599dd5-e9c8-4dbb-b286-1ff2786abb40,2023-03-19,2023-04-03,False,1,student,history
dad11c03-32d8-4f04-b751-51a7136e2b33,7f206ba9-b601-46cb-97b1-d81af7557a73,2025-01-23,2025-01-25,False,0,student,fiction
89cd0502-160f-48a2-8534-e3941bc562c2,9baa31ec-1a3a-4388-a9fe-f555550320a4,2025-03-01,2025-03-15,True,1,staff,non-fiction
65d1c7cc-54b0-4639-b9ff-f2d7598a4e85,ed2d49ae-ee47-4ec5-9ca7-ee7550747c14,2025-03-19,2025-03-29,False,1,staff,non-fiction
f38d65e7-55bd-4cf2-8c7c-41c661573b74,4aac024e-61b6-4615-9795-72e78750c94f,2022-10-15,2022-11-02,True,1,faculty,history
5a518fb4-cd50-4b3a-a2de-dd0c7a254a41,51714298-21d9-4ba1-aeab-5e2e280b53e1,2022-09-03,2022-09-06,False,0,staff,history
f55f5897-4d9a-4280-8b9f-621800d94448,b88823d2-3afe-4968-94c6-8586c0a3856c,2024-12-09,2024-12-27,True,1,staff,art
e5bc907f-5719-4848-ba22-1a29b0f292b7,2bb3e28f-b646-492a-b16d-e3d1a72a076a,2021-10-27,2021-11-16,False,1,student,history
56ebb5d0-a987-4dda-8bec-7ed8ce8362e7,8a52644d-3706-4ed3-b69a-3c750e4f2f42,2020-04-05,2020-04-06,False,0,staff,science
7761f294-d62c-48a1-864a-a980c38167fc,ce125e5a-fc8a-4172-8532-c1beeb62a8be,2021-10-21,2021-11-08,True,1,staff,non-fiction
e4f0499d-2a7c-4e31-8018-5c810a0290a6,e1a64454-a8d5-4074-b443-a6f48907860d,2021-05-29,2021-06-17,False,1,staff,non-fiction
51f9aa43-780e-46a4-accc-4d6d8ca88b51,6964c135-8f4d-4772-a7ce-fe854b839df4,2023-08-09,2023-08-16,True,0,faculty,science
cda9df6c-f757-42ff-93a3-081ca499ebaf,89276628-8819-44e7-b157-b0fb8a9544b2,2021-06-06,2021-06-24,False,1,student,art
652f05e3-680d-41e5-aa4a-a42249f15899,c3f9fc73-2628-4692-ab59-18ebdf270c16,2023-08-30,2023-09-07,False,1,staff,art
cc92c382-baa1-4f27-adf1-8012a5909722,9bc30274-9604-4b42-9b19-f8b3f818b4c4,2020-04-07,2020-04-20,True,1,staff,fiction
c5ff2de5-fc47-4fa5-a2d9-d3a573921312,d239d2e1-9ad4-45f5-bea9-0e117b27d5f5,2024-02-08,2024-02-12,True,0,faculty,non-fiction
9e2fcad2-bff8-4279-a07c-2712e726c7fb,574ed31f-8140-4f83-885a-b81e19ce54b0,2021-05-17,2021-05-19,True,0,staff,history
30b6c56f-049b-46ac-8341-81ce3d4d5666,470bdc5e-4645-42e9-8a63-cfd94dd0a45b,2023-06-21,2023-07-04,True,1,student,art
8cf3a412-dc18-4812-b207-13f8e552256c,31ded40a-b580-40dc-b07b-ea9d20f0300d,2023-08-18,2023-09-04,False,1,faculty,non-fiction
8854f501-6a45-4424-8647-1821ced94123,c29db4e5-9845-47d6-bc23-26ff20ad685c,2023-07-11,2023-07-12,False,0,faculty,fiction
96bb180c-4538-4563-bc37-2a018b587765,3b5156bc-fde9-42f8-b7f3-18d999058b36,2020-11-16,2020-11-28,False,1,student,non-fiction
0deebc6e-03fd-4369-ae5a-aa2be0f7f473,4fd73b3b-9273-4386-8d5e-c3a701021826,2020-05-12,2020-05-29,True,1,faculty,fiction
9032acaf-a94d-4111-ab49-7040483eb4ce,6ded8a65-0283-4436-9d59-5e70e38d31fc,2020-03-14,2020-03-18,False,0,staff,history
6881f531-97f7-4893-97a0-34ab60c3e24f,ff4e22a9-98e3-4bed-a889-01b2f2530074,2020-01-12,2020-01-18,True,0,staff,fiction
2d2e56f5-91dd-4030-8f89-68046ef0a3a8,d26dc4e5-813e-466e-a1e1-4cadc7fac206,2021-03-02,2021-03-14,True,1,staff,history
51bd1634-8ef3-4a74-97e5-5ab09b6d1178,34c4fefb-bbb6-4e44-8a9d-6ef902409a75,2023-10-25,2023-11-05,True,1,faculty,science
2a2e6b6b-998f-405c-b736-2f1f4dbd2cdf,d8ff29ae-4378-44c2-a7b1-d81744f3d43a,2024-02-08,2024-02-15,False,0,staff,non-fiction
6758473d-34e3-486c-baee-4fd3df16c3bc,d0cd5e02-f01d-4a66-85f9-68f0487ff580,2024-03-09,2024-03-11,False,0,student,art
02002482-eebe-4125-a9b4-1f4610ef453c,350eb012-7f52-4ec4-b9dd-5aa608b0486a,2020-08-27,2020-09-01,True,0,staff,science
eab45268-c981-4156-84f7-44ff5e83d0de,f444c9d7-8321-4214-8d80-dbb1cc6094a1,2020-08-19,2020-08-22,True,0,student,art
f1c546e5-ed84-4225-8ff7-d04684ad7dd3,83192692-65d4-4621-89e5-8f31ca7e4d2a,2022-01-28,2022-01-29,False,0,faculty,non-fiction
fbb76dfd-c0be-4d95-88cc-2f2a808858ac,40d22bfc-b002-4fb3-8930-bb78704bcdef,2020-10-30,2020-11-04,False,0,staff,science
e04edc20-ef64-4873-9da6-44fa861c00ba,6b8d34d1-a1bd-4103-845d-3177b4326e7a,2023-03-02,2023-03-14,True,1,faculty,science
5a460182-6820-4326-ad0a-c9b970d311ee,be432e42-26a9-49ce-966d-9178ff3f81f8,2023-11-18,2023-11-22,True,0,staff,science
0916dddd-478f-4c35-834b-999883be0c38,d6c22d07-5268-4c0f-865d-4a9b0be55866,2022-06-25,2022-07-12,True,1,student,science
cbc7c9b1-be37-4067-b1c2-0d77115ba594,b7184f74-6e68-4d2d-8d9f-c22cfedce0f1,2023-07-25,2023-08-03,False,1,student,art
c2ed6a0f-338d-4c91-9574-25ffd0c9bca2,ddfd0277-772b-4be6-8651-585d573c84a3,2021-02-02,2021-02-20,False,1,student,science
ea31a475-5e59-4c3e-9283-8db444889692,3b732b26-638a-4884-9d39-8f54ec75e004,2021-06-23,2021-07-04,True,1,staff,science
cfd92e62-79f7-42fa-a07d-a41f82d4e67f,85305ec5-131e-4fdf-8e8e-8485910496a8,2020-01-09,2020-01-10,True,0,student,science
9c40376c-a0da-4137-bd8c-e5b1032a71ec,c0d18b5e-caf1-4a4c-adfa-a5da8e6a865c,2024-06-02,2024-06-13,False,1,student,non-fiction
94bae39a-080a-45f5-9449-03895d15a380,5aef14d7-822c-4a77-b62d-ebe273019cb3,2021-07-28,2021-08-03,True,0,faculty,non-fiction
cbd904f8-189f-4919-a052-fc3d5d9df320,ac0262ee-ae3e-4d59-affe-77e174f3121b,2021-08-04,2021-08-11,True,0,staff,history
af255556-08c2-4612-b2a6-f7b7613b13f1,d3359b08-879a-47c6-bc62-4437fe3f5651,2022-08-10,2022-08-23,False,1,faculty,science
3b23a5aa-7a09-4489-9359-2df8a79d15c7,b3619954-bb0f-4919-80b2-83ee59f821e8,2020-10-10,2020-10-11,True,0,faculty,history
1c7808dd-2e99-4f56-bc28-7de37cc81f5f,0de3a457-e6b3-4ad9-8bfe-3872d0d6d1eb,2021-12-25,2021-12-30,False,0,student,history
b0fe7558-fa03-4296-bc0a-afdea9107b78,9d0dcb87-fbca-4f47-8e72-5ced55ca8b00,2020-01-27,2020-01-28,True,0,student,science
67c2c86c-4198-47f9-8997-fe8e18ea288b,766bd69c-f862-4b2b-bbe2-6a41f0a432fc,2023-02-01,2023-02-12,True,1,faculty,non-fiction
84939c7b-87fe-4384-bcce-ac72ebdb9555,2475c814-322b-48bf-863b-e5471eb23294,2024-10-03,2024-10-17,True,1,student,fiction
39523722-ea1b-4c17-93dc-5648192f421b,bac52f3d-d047-41e1-9ec8-1ee11c0dbb08,2021-07-14,2021-07-31,True,1,student,art
3317ccea-6cc6-4a0c-9bd8-763171708ee5,060ac135-de78-418a-b17b-7e7a6a2455f1,2023-09-14,2023-10-04,True,1,faculty,non-fiction
a6f7d7fc-7b03-4d80-a8e4-6917aa2528e6,f5068cf1-c0f7-4d44-a1a0-f7edf15cb51c,2020-06-07,2020-06-19,True,1,faculty,science
13699244-0938-4b1c-ad7f-cda044a29d1f,d1e5d0c1-1c0b-4b90-9ac8-f78a7f59aaf0,2022-06-28,2022-06-29,True,0,faculty,history
3a371773-c23a-4c35-b79f-0511173baca7,530a7246-f21e-4595-ba9e-2de604daf1fe,2020-11-26,2020-12-16,False,1,student,art
70da88c5-801f-44d1-8059-f214f8a6a5e8,53d82b11-9570-4588-996c-3156463af5eb,2023-04-03,2023-04-22,False,1,staff,non-fiction
4affd171-4754-41ab-b5dd-0a7a35f5b11d,321e6be6-824b-43a4-bdac-93caacaad4bd,2021-12-30,2022-01-17,False,1,student,history
c7738c70-4af6-4b3e-b8b3-fdf5a4259ac0,cf12217f-6dfd-4372-9e33-5395a394b467,2022-01-25,2022-02-07,True,1,student,history
45d1f7a5-becb-4678-8dc9-a558f8467d18,45e712b8-667b-4c9d-99b1-0ff196008681,2023-01-28,2023-02-05,False,1,staff,non-fiction
4ff97226-7101-4576-a2ba-7a2c2871e567,52a8bcce-cd74-4acd-acc7-65c051248933,2022-06-18,2022-06-27,True,1,staff,fiction
28425ac0-3f56-4371-be41-c8976389cf5d,a9d0543a-fa3e-4e62-ad0c-b9b650c97fb9,2023-10-17,2023-10-20,False,0,staff,history
c4f21685-1f21-48f5-b779-9b4837c5cbc7,1ecf74fa-dcd6-4079-abb9-acdc81501bae,2021-07-15,2021-07-17,True,0,faculty,art
cf4e726c-21e1-42bb-bf18-d55ea27ec5a9,97ccf9b1-1b36-4106-8bd1-82391a3aef9b,2022-09-01,2022-09-18,False,1,student,non-fiction
a7978b52-d214-489f-89ce-9286f06716fc,167844cd-9981-467c-a1bc-6151598b419f,2021-04-09,2021-04-13,False,0,staff,science
fe160c17-7f17-4282-a070-fbc5beeff738,46f2c22b-b588-4bc4-885a-5fa1800fd163,2022-07-24,2022-08-07,False,1,student,art
ec3e8096-3dd4-45ee-a593-fdbd116a5573,24b54972-c61f-4df4-b7d5-4091097a9881,2024-09-12,2024-09-23,True,1,student,art
e8908c3f-6a9b-4de1-8d37-4f640d37c103,b71bf9c0-93bd-4b2d-b094-370ee7353b49,2023-07-27,2023-08-15,True,1,faculty,science
60862e39-8fd0-491d-986a-e035c6671b68,60b9aa44-15fd-408c-8933-99d3d8aaf4e4,2021-08-23,2021-09-07,False,1,student,non-fiction
6a7ad82f-7835-4c91-a9eb-fbeaeef8fa2c,ae2c57d0-d94b-493c-b7c6-97a46f5eeda4,2024-11-07,2024-11-25,True,1,student,history
583522ab-02c4-43ed-b789-5f1444141c1e,0785ef12-41e4-4993-8fc5-348937cf8a47,2022-07-12,2022-07-27,True,1,faculty,non-fiction
1392b5de-8079-42e8-981c-1797097f077b,5cb7e623-9383-455e-b3be-f8f77ce2f4d6,2022-10-16,2022-10-28,False,1,faculty,art
fd3858f4-66bc-4b1a-986b-bf1871380988,629d2724-dfde-406e-a597-3ea0623c69b7,2023-09-05,2023-09-18,False,1,staff,fiction
4b211bc6-eb88-4763-ae67-b528542322d0,a5816d8c-5997-41bf-b703-e7be606869b9,2021-07-17,2021-07-27,False,1,staff,history
65a10188-3650-4519-9609-f0abe6fcba3b,fb447f0a-f0d3-43a3-8b34-24e4ee018282,2020-03-28,2020-03-29,False,0,staff,fiction
fce3145e-fca0-463c-b92f-f948fa5d003f,8da678e9-5e68-4d3a-bea7-f33bd1ca0f3e,2023-06-16,2023-06-20,True,0,faculty,non-fiction
0b087df0-bfe5-455c-b8cf-72de07afcb6f,7c4d92ad-f3d1-46c9-b6f2-cdb0ae26790d,2022-04-18,2022-05-03,False,1,student,fiction
397456ba-d3f8-4ce2-b22f-2f2c3af0e25d,b0e0dee7-1f9b-44fe-b762-73eda2932415,2024-06-05,2024-06-24,False,1,staff,science
fb7348dc-83be-4328-8e4f-5916fc970b10,6f005eb8-3ab1-494a-aacc-a608bfedbf78,2023-08-20,2023-08-30,False,1,faculty,art
951ac6c2-abc2-445a-80b8-03e15e5c135b,1cc97d3d-e73c-4fe3-a3b6-15a52e3bf86c,2022-03-28,2022-03-31,False,0,faculty,fiction
89f85c36-60c9-49b2-bf96-b6eec3455ea8,65e86c4a-bf2b-44f9-a7b6-82b1b4c652f2,2021-06-16,2021-06-22,True,0,staff,non-fiction
24467681-23b7-45f5-90f8-a567b5887d71,9922dac3-964a-4b72-8a4b-59352b073b93,2021-05-20,2021-05-27,False,0,staff,fiction
07bc34fa-1f63-4083-945b-337c1fd07822,d6db22bf-7e00-49aa-99e8-8c2d77b7f65b,2021-03-18,2021-03-28,False,1,student,fiction
8954a721-1030-4310-b76a-86dc2155be1b,f1c36084-4b6b-41d1-8011-0b516499139b,2020-06-19,2020-06-23,True,0,staff,art
4d295692-85ab-4114-a479-942ecfb88834,86451a8d-b9fc-42e6-9f05-c35eb85aa5e0,2023-03-17,2023-03-28,True,1,student,art
2e0e2ab8-6940-492e-be4e-0cea64c747c2,8150159e-1600-4402-bee6-544709798dc8,2022-08-15,2022-08-30,False,1,student,science
8346c53d-172a-40f8-b10b-deea502ef468,397cd6f8-adfc-448e-a151-104577093eb9,2020-11-11,2020-11-24,True,1,staff,science
500590a6-a95b-4731-b2ca-35bfba69df9a,7b20877d-59a8-4563-85fa-15c23510a82e,2022-11-01,2022-11-06,False,0,faculty,non-fiction
a0d48ad9-757e-41d9-9738-4128193e4c4a,036f2fff-0970-41ec-83ca-d595eaa0f9bc,2020-02-21,2020-02-27,False,0,staff,history
15793491-77d2-4c6e-bcc9-f3231f9c3eeb,6daed069-264e-4859-9e75-b4a4a1d29c96,2020-09-24,2020-10-10,True,1,student,non-fiction
2744b5fa-6836-490a-90ca-628a278107fb,9ac6eef4-a0c0-4f40-9d8e-35be27e8909a,2020-03-06,2020-03-15,False,1,student,art
ee9cfe85-e1fd-4cf0-a53f-fa5152207bee,2db769b0-15d4-488a-9942-d6d1ca4fc1df,2022-03-02,2022-03-10,False,1,student,science
32ff3f5b-38a8-479c-95c5-68bdcec0cd32,e49c731e-8229-458f-a4b3-64aa4af0ba11,2020-09-24,2020-10-12,True,1,faculty,art
a628abb2-a08f-481e-9697-d69aad3ab244,b1615a53-76b5-47ec-abd8-826322519e17,2023-01-29,2023-02-18,True,1,staff,fiction
7e803890-9a34-4d71-ad69-8a7486037e4d,07ab255e-d760-400f-b3da-5dc4fdef2576,2020-02-03,2020-02-04,True,0,staff,science
19e995a3-2109-4f49-9fac-854eeb16e58d,591ed170-bf8b-4652-91cb-932c1534d916,2024-09-06,2024-09-17,True,1,faculty,non-fiction
ff25ff6f-4d0a-40b4-bad2-b2f807847b53,79d04296-bc42-4963-a8d7-3f7142b90453,2024-09-08,2024-09-13,True,0,student,history
3ba8b78b-8ad3-4aa2-a79d-54206c1a0636,2a7fbe18-d932-4d8d-8098-383932dcc32b,2023-01-19,2023-02-03,False,1,faculty,history
bbafd2ec-5b33-45a2-ac0b-c70c3db53988,a51e259f-c8bd-4d53-aa8c-64de21712322,2023-01-05,2023-01-18,True,1,faculty,science
9e680940-7529-4274-b7ca-a05b258da96f,982f5fd6-1d87-4a44-b688-ccf73630e6ef,2024-11-21,2024-11-30,True,1,student,art
c4dd8b77-87a9-43e2-8a1a-6b7216870bf6,078ed284-2a3b-49e6-9fdd-82f27da2e57b,2021-11-30,2021-12-06,True,0,student,fiction
1dca7e7e-957c-4a9c-8c10-ed29f33841b9,433b176c-c380-40e4-8764-7d889ba6e082,2024-12-28,2025-01-11,False,1,staff,art
a43ccb2a-6c19-4e23-aa18-e7058d4ae30e,0b35a333-2a3c-45e6-8bc9-a585b0e52fd1,2024-04-25,2024-05-07,True,1,staff,fiction
77f3090d-edf2-4c95-aec5-981f7094e6f7,433fd112-8b84-49e1-b4ab-1e416d6a4518,2024-08-29,2024-09-02,False,0,faculty,science
6d039211-ec7b-4714-bbe5-e0693fe1ba34,4e395419-a209-4268-bf00-25105572efad,2020-06-17,2020-06-27,False,1,staff,fiction
39efa1b4-1ed7-4443-a7a9-6f70c072bc04,9bca7b20-5886-47ee-b037-375e097075d5,2024-03-30,2024-04-19,False,1,faculty,fiction
c2185205-7479-41ad-adab-ed786d47f21e,e35b080e-9647-45fb-82f2-3c8fd1e40f2a,2022-01-21,2022-02-06,False,1,staff,non-fiction
c0ee8dff-ae96-414a-b74e-8d976f35b14f,457087c9-0fea-4115-9a11-e1d9c1334df8,2022-04-23,2022-04-30,True,0,staff,art
f2274373-a1c9-41b3-99ba-7854cfe8bbb4,7b6ec010-2953-4c11-95a6-da9db6335d74,2023-04-12,2023-04-14,False,0,student,art
b635f82a-fd92-4389-8d2c-4528f5ed019c,31192a2b-1ac1-4f9a-b976-3b8e482f3220,2020-07-04,2020-07-11,True,0,faculty,non-fiction
720760a3-7b05-40a9-a028-ba07c9d37290,374847e6-2b11-4ab0-89e6-fd87a1a8a85c,2020-10-11,2020-10-13,True,0,student,non-fiction
390b1d2b-b619-4e31-8191-fe8b7ba9f794,a77b58bc-90bc-445f-9591-5f301c095397,2024-01-17,2024-01-25,False,1,student,art
67f1745d-e72e-4be1-a3f5-f84864cca2a2,6694bbe3-1567-4d7c-9bf8-bd26d203f170,2021-03-03,2021-03-12,False,1,student,fiction
e63370ad-11fb-4c5b-8f0d-5263a694aafe,a18d635b-be27-4881-8972-29420647d0ed,2023-03-23,2023-04-05,False,1,staff,non-fiction
ead07a20-24bb-4d4b-b51d-e32c35a185c2,58a2d3a3-bd69-4e25-8800-3b21603b9a76,2025-02-06,2025-02-25,False,1,student,non-fiction
0e433313-393b-4ec2-b3ea-f9bd64f28d0f,ea6061a5-8df3-4192-8885-251049671652,2020-07-14,2020-08-01,False,1,student,non-fiction
c9f0438b-b025-479b-b118-17162c765ef0,4790aa0b-972a-46e7-bc8b-6f4778ea3653,2024-04-30,2024-05-06,False,0,faculty,fiction
1f027085-abb7-462d-a222-2595d1eb0980,44b97a43-704a-4a4c-b84e-b036c3552eff,2020-08-11,2020-08-15,False,0,student,science
332ee8b8-5c87-4186-9ff2-1827b7fe6eac,a27f6195-f111-48c3-89b3-49c93c37789b,2022-05-05,2022-05-16,True,1,staff,fiction
d4bd5d3d-dc42-4137-b0ea-94b6a42f5fe3,feb89342-48b0-4f6c-aa43-7c5fb2669f77,2025-03-08,2025-03-19,False,1,student,history
c7e2188b-7650-4838-b43b-7f8d9ec1c062,4bc4c1e7-f4c8-46f7-9821-dd101562e36c,2021-09-27,2021-09-29,True,0,staff,non-fiction
7b904eac-ba98-4e3c-a1fc-4c9d48df619c,faafecbd-8037-4823-8ad7-7110a67cf0ff,2020-07-09,2020-07-14,False,0,student,non-fiction
e4bad4a3-140c-44df-ab64-c216277dc258,eb0adcfd-dc21-484f-bbb9-40f045968022,2023-06-30,2023-07-13,False,1,faculty,history
85317828-ebd9-4386-a664-c31d5e9a45c1,9b5ce096-3a6c-413f-ae08-fbd24d63b40d,2024-08-27,2024-09-10,True,1,student,history
b214f2fa-08ec-4153-a831-0a61d84dfdd7,8b0bfa33-2f9b-4755-a43f-ff794ac8cc3a,2022-08-08,2022-08-10,False,0,staff,science
006dea5e-ed04-4bd7-8201-026253a95f87,633a01c5-c783-4f88-8f3f-987476ff1ef4,2020-03-04,2020-03-22,True,1,faculty,history
c217b26d-8514-4d0a-8d8e-f7ff36e42b70,e00d64ce-699c-4913-9417-ff9fddd50ef0,2022-09-26,2022-09-30,False,0,student,art
6a3ac8b8-9128-4b1b-bb7c-b598bb762644,8c0c2b58-1fe1-49e6-b968-e7da1184eb1b,2022-06-15,2022-06-26,False,1,student,art
c25c5d92-28b0-4f65-8d33-7d8998492596,d02b03dc-fbba-49ed-b692-201225de8704,2020-03-29,2020-04-12,True,1,staff,fiction
b7e54713-c641-4eac-bdc2-493312221311,d65e53f6-53df-418a-885c-b35edc561466,2022-05-24,2022-06-03,True,1,student,non-fiction
402374b9-1faa-4a8e-b9ec-861e149cc8ca,aff6fe71-4afd-421e-a498-4f25de55d37e,2022-01-04,2022-01-05,True,0,faculty,history
2c4364c7-abf0-4789-81c3-ac36768cc0a7,522e433c-bab5-40cf-ae40-429ac809c91b,2023-05-19,2023-05-22,False,0,student,history
59ebf944-e663-4d48-9bd3-f017a0677d14,5eb97469-f235-4cba-af8f-e7a388d3e066,2024-08-30,2024-09-17,False,1,staff,history
ea46f34d-feae-4108-be6d-d2753f55c99e,78ab1bb2-0ec0-409e-a8d7-816987fcc125,2021-05-14,2021-05-21,True,0,student,history
1af674ea-75f2-4b05-807c-9b9e2804d105,853fcd8b-718b-4e0c-ba60-19e7c2a1da0e,2023-08-16,2023-08-29,True,1,student,history
c1fada5d-bcea-4256-b5fe-9291b1acdb94,3f7ad0db-1f8b-4499-a8da-8e866a054bd3,2023-07-21,2023-08-05,True,1,staff,fiction
249e9b84-dc7f-4d1b-a726-e405ec6cfdce,f490a30d-fd28-47d4-80b1-b76aa975d41b,2020-08-17,2020-08-24,False,0,student,science
4d5cbb0d-7652-42ad-8455-383750eec976,990cfc12-efd1-4d33-bc17-a5f25ece150d,2020-12-10,2020-12-23,False,1,faculty,science
473971d1-dbbe-4292-bbcb-c51dcd1f35d4,d5f3c505-ea11-40b0-a8cb-70950cda9e4c,2021-06-28,2021-06-29,False,0,faculty,science
493027c3-d3e5-46e1-879c-e07a1f07f0c6,1fa186d8-b240-496e-85a3-98654846d9ed,2024-12-06,2024-12-08,True,0,faculty,non-fiction
31b7dbb9-8985-433d-8fe6-27fb8276b3c2,20a1ad18-3671-41e3-bf7b-055bf92ea292,2022-11-29,2022-12-03,False,0,staff,science
bc568671-38d8-4cde-b5d7-dfa535bbe86d,a81d0d3d-620e-45fc-8de9-ff73dfd93e76,2024-04-08,2024-04-11,True,0,student,fiction
761ca286-e232-41fa-b42b-90359bdc5911,d10502b6-530a-4866-99f1-d955902f4269,2024-11-22,2024-12-03,True,1,staff,fiction
a7c31d4b-3fe6-441c-941d-2fa745554a85,81e980ef-be5c-4aee-9fa7-9bcb4742bd79,2024-12-18,2024-12-27,False,1,staff,art
b4d22944-6003-4d11-9248-c2ec99ea1df6,06d9ea2b-bc87-4e81-bb60-0f6b88ba68a3,2024-04-07,2024-04-24,True,1,faculty,art
d0ea7ac2-3510-454b-934c-f311958baeef,fc5e2381-8bd2-45b3-8b75-567d8c23a1a4,2023-04-22,2023-04-25,False,0,student,history
f924c1fa-fd8a-4332-8fd7-db0509e642f7,3dedfdd3-85c1-4a39-90ba-0ab92edd95f9,2021-02-28,2021-03-16,False,1,faculty,art
193f9377-8c07-44af-ba51-332d25e9e8f6,6ddc705d-6108-4e66-9eb8-3e458264af99,2024-06-17,2024-06-19,True,0,faculty,non-fiction
2e1481e0-b304-40ad-99ff-7111b6100c85,da5aeecd-1b5a-4428-b3e0-d7595a91a1b6,2022-07-23,2022-08-11,False,1,student,art
f03b03e4-d2ae-4588-b3fe-80aed0c3bc2a,13b1af16-91d7-4ce3-ba0a-c8880f7a6c04,2020-05-08,2020-05-27,False,1,student,science
0a0628b0-fccd-4256-baf8-f0f55562ae42,feaf0b23-478f-4baf-b54e-88671664f3dc,2020-06-27,2020-07-08,False,1,faculty,fiction
e41b6c37-1f9a-4959-a062-18c4dfd3286d,e6d65beb-355f-4fc7-9652-739af0ffd74d,2022-06-02,2022-06-13,True,1,student,non-fiction
0e0d635c-fd0a-4bed-b013-087d414bbf44,242dfb5a-a7df-4859-b307-2105351e116a,2020-08-24,2020-08-25,False,0,staff,non-fiction
23276f0b-58cf-4fdd-af9f-dbf44c77547a,77a440aa-8a88-474d-9dac-8ffafed9b685,2021-01-15,2021-02-04,True,1,staff,fiction
bb4dfcd8-ffc1-4074-9089-b40a6499b86f,43b8e494-c7bf-4031-94f2-bc7efffeec83,2024-07-20,2024-07-30,True,1,faculty,fiction
0fb1f921-4cb1-4291-958d-11b51308969d,8b5b55ec-e84a-42a2-a6b4-66b8e2a80e8b,2024-11-11,2024-11-15,True,0,student,non-fiction
a4c8f4fd-ab12-420b-b3a0-69dad2b101a5,6cf35868-7bbe-42b2-ae03-62405cf0ca48,2021-03-21,2021-04-01,False,1,faculty,science
b09569de-57d0-4d7a-b40e-aedf49fcc878,121eaf9c-a262-4fab-a13c-8a926786dc6e,2025-01-19,2025-01-29,False,1,faculty,non-fiction
5a1f7eb4-9531-41eb-a8c0-f83ce5bb661c,2fc79d72-e90b-47f1-96b0-4050befd232f,2025-03-17,2025-03-21,True,0,staff,science
fcd45160-ca70-48e8-bb96-c5cd0a184b2a,acd1dbdd-0965-4092-8b9b-ae20198df6e5,2021-10-20,2021-11-05,False,1,faculty,fiction
9b07fb8e-2ed4-49c6-99d6-c9d6aa16bacf,89f90a85-1b1c-4ad8-b718-aeafcee3a257,2023-11-27,2023-12-17,False,1,staff,science
feac2787-c06e-4dd2-988a-2806f7ab0c82,b147005a-495d-43d6-8895-79ad85c9bcda,2023-05-14,2023-06-02,False,1,student,science
4c7857e0-cd67-4117-a0c1-848555cfa2eb,9d5f0867-12b2-4ac2-966f-958545503306,2020-02-01,2020-02-19,False,1,student,science
4a92a9c5-fd88-4b69-8b79-0d2f731ab6e1,762ab983-6b17-41b6-8346-60e723bc800e,2022-01-25,2022-02-01,False,0,faculty,science
6e441df3-1b56-4dde-a041-2f6721ff7452,61c78dd0-b08a-4cd5-8428-2294606b45bd,2024-06-05,2024-06-11,False,0,staff,science
d2d36c64-8807-432b-92e8-bfa343f738de,7d3d6ffa-0bc3-4c8b-a90c-b672d960fae2,2022-07-15,2022-07-19,False,0,faculty,non-fiction
5fb02651-844c-45e3-8eef-c1a5e9f703cd,577c112a-3cf8-4d82-bc38-d125470cb080,2023-04-13,2023-04-17,False,0,student,non-fiction
9181e92f-4a4e-446d-b4b7-791689948afd,8e0d1090-710c-410c-b5bb-d6b8fcd32de6,2023-03-04,2023-03-07,False,0,staff,art
6fc19d90-71ae-44e8-aad9-b16da97e5b22,3185e86f-f007-4d7b-83a8-5e5bcbb5093c,2021-02-28,2021-03-15,False,1,student,fiction
a827f2ee-3793-4ca3-8ee0-96343c85931f,0cbb3262-8823-435d-8495-b2e12dcd24b3,2023-03-26,2023-04-12,False,1,student,fiction
34e363ef-af50-4721-8358-55fab3111c5d,1c2696be-7e77-40f4-a7e9-1720f895acb8,2024-12-03,2024-12-18,False,1,faculty,non-fiction
1862b781-ca95-42a8-8992-cd03cf1c21c2,19a89a83-b47d-4e73-aa73-92588e37cbb3,2024-02-29,2024-03-11,False,1,student,fiction
faa25c0e-0909-4998-8b1d-1f1bac686707,63cf9bc7-f8af-460f-ab26-dde6bf4ccd43,2024-09-25,2024-10-12,True,1,faculty,non-fiction
76e9c495-d7fd-4d09-b3ac-5810b5cea959,148faa5a-145e-4558-92b6-d7ec53a2aa43,2022-12-15,2023-01-04,True,1,student,history
110dfa46-68a8-49fd-af21-33c1107906b5,7dc7fc4f-03c4-44a0-b16e-b521a334e6e9,2021-09-23,2021-09-26,False,0,staff,science
61d7f593-da70-4e33-9c05-c9f68521af21,0a5e7f67-41cb-4776-bf1d-c1e84329d66f,2022-12-05,2022-12-12,False,0,student,fiction
f9490e13-6c03-4975-84e7-d5adeb547c36,fd722548-c950-4ec2-bc8d-75f532f0dd6b,2024-06-13,2024-06-23,True,1,student,fiction
a44820e7-94e2-418e-b36d-100d5fbe91dd,df275e38-7e60-4751-a340-430511042320,2023-11-09,2023-11-13,False,0,staff,science
acc06443-101a-48fe-9f58-9e8401621f04,a288a35c-0db5-46fa-8645-4969ef33a1c8,2022-07-01,2022-07-05,True,0,faculty,history
b700b141-b6c8-4c2e-a76b-95be6cead697,ac4af231-2f3d-46df-8369-8b8462a396b5,2023-07-24,2023-07-30,False,0,staff,fiction
53f0797f-fb09-499c-9b79-bcd440fe08c5,c7b75f79-7ce6-4a92-9e03-87d4c7abcdbd,2023-11-04,2023-11-14,True,1,faculty,science
2b2502d9-48ce-4bf3-81a8-b1d9981c15a9,510490c5-2b85-44eb-ae9f-bf13882871a9,2023-11-18,2023-12-08,False,1,staff,science
b9b2911a-221c-43af-a1d9-eb44eb5f5770,11aff13b-1dfc-4495-89f5-03b540e7a933,2022-07-05,2022-07-17,False,1,faculty,non-fiction
7d7e579c-354c-4e56-a521-4ec6c31181b2,44fe83a6-dc30-45b2-82f1-b6681a801d0a,2024-11-22,2024-11-23,False,0,student,art
b9e11f4e-dc5f-4b08-af3e-11c90148aaf3,7032bf18-23ba-4250-a775-0043b4d582a7,2023-02-16,2023-03-06,False,1,student,science
7d9c1f5c-08e1-4d3d-b295-ae6f12a685a3,b317a379-13ff-45f6-98c3-36a58a3d222a,2023-02-12,2023-02-25,False,1,student,art
3e366bad-affa-4527-b737-29ed8f2ad45f,23ae326b-2c41-48e9-b8ba-a51d8cf9cec5,2022-06-18,2022-07-01,False,1,staff,fiction
dd3f05dd-13b1-4f4c-aadf-2c353186d0c6,2b0679af-a274-443a-86c5-34191bb52fe3,2022-09-01,2022-09-18,False,1,faculty,non-fiction
608e2e3e-813c-432a-b099-8139f9eab113,43785681-4171-4b1f-98c8-a3c882f7d134,2020-12-01,2020-12-02,True,0,student,fiction
38e2e9c3-d0d7-4a3b-8032-e47a2f61d516,72575190-d19b-4c60-aea2-ef011b7b1a1f,2022-07-17,2022-07-24,True,0,student,fiction
77388e14-bdba-47cf-bd57-5c8c40b2df2c,8d5c7c1f-ef83-4b73-8662-e8d8dcd3f3e9,2022-06-14,2022-06-30,False,1,staff,fiction
9a6d1128-10ab-4f0e-aedc-00a59eafd986,11efa19a-303a-4957-bae7-d44231dc8a1b,2021-10-25,2021-11-14,True,1,faculty,fiction
afd5e591-45b8-440f-a112-66f5f2202a16,fd911cba-1f72-43b5-bc70-43b7023a38ab,2020-02-18,2020-03-06,True,1,staff,fiction
8c56024e-31af-4e75-a32f-66c5d8a3e8b9,83d9dc38-4c78-44cb-b8c6-fa75e6bca8d3,2023-05-19,2023-05-26,False,0,faculty,art
966d6d9e-c5a0-4a0e-99a7-5821de8d51f6,b45b487b-9e4d-4486-9cd8-ba423ab23c93,2021-09-17,2021-09-24,True,0,faculty,art
4da0be6d-78e3-4f29-9078-a769cd1a749d,9cb5d01c-a28d-494b-8af0-17b8fd2c5368,2024-02-12,2024-02-28,True,1,student,art
87773e9e-b8ca-402e-91d1-7e44f92cdc7a,968530c7-fbe3-40df-9710-e87de5184c2b,2025-02-19,2025-03-01,True,1,faculty,fiction
323d7dc8-ed28-4412-9d5c-e5dfc6184456,5ac61838-8984-4125-b4fe-30fe4cd7f4f3,2022-08-04,2022-08-16,False,1,faculty,science
2f73d6ae-1787-46d6-97c2-7b580aa7dfc3,80489141-451d-4262-b971-1a7119753fae,2024-09-13,2024-09-28,True,1,staff,fiction
84f332ca-9858-4042-ba73-1668204da930,80065ce8-93d0-4e80-ab93-45851f458232,2020-09-20,2020-10-04,False,1,student,art
9500eb46-f510-4dbc-b203-3aabe83f1ab1,6f1c2b40-71f4-46eb-a42c-a5cfb3e4fba4,2022-12-27,2023-01-15,False,1,student,history
aba95479-5a34-41c9-8dee-a429bfe7f6a1,d47865b5-9a63-445f-a688-fd48252ac74c,2021-12-31,2022-01-06,False,0,student,art
9cb1f773-a2a0-4cd8-9140-ef032aa579ab,d5f7d216-a17d-498f-a068-40ee207ddb91,2022-09-10,2022-09-18,False,1,faculty,fiction
450d0e9e-322b-475e-af7c-66cb1856cc8c,165c26b5-01f9-4727-a168-ac3311a90751,2023-07-21,2023-08-05,True,1,faculty,history
6c591b5f-dace-4862-933d-d4ea50f6eb63,c0d1b4bc-f693-431b-87c2-15857b27e0d0,2022-06-27,2022-07-02,True,0,faculty,non-fiction
a4423615-e1d3-415e-a529-f8881751ad0f,da68632a-d209-4106-9941-e7f5ed446d26,2025-01-02,2025-01-05,True,0,student,art
a8ce8878-9ac8-4e8a-8756-a5371285139b,679c419d-3f60-4b5b-b158-aca923fa55d4,2024-05-11,2024-05-13,True,0,student,science
66b70746-04da-48d7-83eb-251429feb47d,d128691e-130d-4cff-8af9-7b0b8675a43e,2025-01-05,2025-01-08,True,0,faculty,non-fiction
52a8f46a-c6f2-47b0-9b49-aa1c14c6a602,00f3b2b5-6ba4-451f-afb3-64dd51d6dcfb,2022-11-03,2022-11-17,False,1,faculty,fiction
ebc53879-0a0d-41e0-94ec-bc11800dcc3b,f64b3c2b-e261-4e5d-a5b4-40274b6d5616,2024-12-07,2024-12-11,False,0,student,art
ae827d9e-8054-4047-8a28-bebed8343dc1,1a86c065-7cb7-4d5c-823f-e0aeefe2cf4d,2021-05-07,2021-05-22,False,1,student,non-fiction
0f3f1b56-0baf-4a22-8430-d84a78cff999,fcc76f9a-de48-4784-875d-94e965a0caae,2021-12-15,2021-12-17,False,0,staff,art
71351871-c767-4666-9c17-96dec5cad343,825513fa-888e-443e-8915-6b045c77a6c2,2024-03-09,2024-03-23,False,1,faculty,history
cdb0c2ec-e8a3-4b5e-9f8e-8e800ffcf723,0c59ac6c-ab2a-4db2-a325-49e9fc49029a,2020-07-28,2020-08-12,False,1,faculty,science
ae6435e7-63f2-4ca2-bfb5-41a40596516c,314cf603-d855-41a7-b8ed-17f62e9a2f37,2024-03-23,2024-04-07,False,1,student,fiction
c2f43294-239d-429f-a329-5f9ae973c400,b8215133-3772-4e7f-9726-a11e39eca364,2022-06-22,2022-06-26,False,0,staff,science
901d2bfe-90f9-413b-ab58-53453e656c8c,e0f7e382-43fc-493a-897d-c1f6c8aaf4f8,2022-03-06,2022-03-09,False,0,student,non-fiction
ac0e84eb-1188-47bb-979b-52bf60b42ee8,0f92bc37-27be-4ba6-951c-b617d6b4fab5,2020-05-13,2020-05-14,True,0,faculty,fiction
9e1626d1-6666-45b6-9316-e0f81acddd2b,24d948b3-4852-4301-b4ec-82eb89d4cfb3,2024-04-23,2024-04-25,True,0,staff,history
dfa9c6c5-7214-44a9-a8c0-f435d63cbed3,68cc6f22-9700-417c-9672-12c9c8822b9a,2024-12-17,2024-12-26,False,1,staff,fiction
424dc44b-6926-4159-8b58-82c9533ef80e,46537c75-40a4-4793-a64b-bfc78d8ca7ef,2021-04-11,2021-04-30,False,1,staff,art
ec201522-3fd0-4858-ba38-76b0ac44ffc7,e2ac11ea-e583-4465-88a1-cde4884e6c0b,2022-06-14,2022-06-18,True,0,faculty,fiction
628e3544-bb27-496d-b1b9-021566e0c159,8f8ae172-4dc8-4450-8955-9f45ab872c9b,2021-07-17,2021-08-04,False,1,staff,non-fiction
77065c73-e984-40c3-a7ad-cfe18d86b46a,51ac321b-a135-46f4-a9c4-ea55507dff5f,2020-10-22,2020-11-05,True,1,student,non-fiction
3f180cac-012f-48b3-b2e4-d2e7320fc1f6,e717b7f9-61fe-405a-932c-6f3619c195f9,2021-08-18,2021-08-25,True,0,faculty,science
a01bdaac-c369-4cb1-a3ea-558f1f34b783,73a73783-4605-41d4-9205-fb7671d12c34,2020-08-22,2020-08-30,False,1,faculty,history
7ab71af9-48b1-4148-b840-d86a16a7a53d,9d2cb9b0-f7f1-4ad7-8d1d-38a02987c9e5,2021-02-27,2021-03-08,True,1,staff,history
311133df-bf44-47be-9960-52fdeee3af4e,3ca8e78c-b7b5-446a-88ce-ca120576a14c,2025-03-10,2025-03-25,False,1,student,history
28bd05ec-60d7-4cf3-9dee-73cbdc7a424d,47313049-2814-4390-accb-c8c36eb869ac,2024-04-24,2024-04-25,False,0,staff,history
0c62ef40-5d63-488e-8bbb-264edc384354,cfb40cb0-23aa-4e91-8837-d373c0301b39,2022-11-07,2022-11-17,False,1,staff,fiction
48bc3665-7d50-4e23-ad34-d58ef59ed1d1,eda22b63-0025-4257-b515-f1f802e8edc0,2024-09-17,2024-09-20,True,0,faculty,science
233118b3-d12d-429c-b49f-3fe3522c0a45,f09890bb-d288-449f-b1bd-34fc31cfe454,2020-02-21,2020-02-22,True,0,staff,fiction
6149c708-4f1a-40b9-b84c-139fb9bcbeb8,38a1e172-a74b-4cb5-a603-6e27f91856b5,2022-01-26,2022-02-15,False,1,staff,art
afce1bf4-f437-44cb-b88c-bd4f16369f04,71c19b6b-2406-412d-b89a-12d710af4e80,2023-05-30,2023-06-19,True,1,staff,art
8841bde2-7f86-42fb-8df3-1e29f6f0cf82,6ffb8e74-e1a1-4e74-88d5-74f1c3db8c8e,2024-01-12,2024-01-16,True,0,student,science
cb187935-7612-4a1d-bc63-54be90212da7,b04656ba-a440-428a-89ef-3db382b99a9c,2024-04-15,2024-04-16,True,0,faculty,science
524d455f-041f-4dd7-a99d-4ddcf3034166,82bb6698-296e-4fcc-875d-69cdb8c93601,2024-11-18,2024-11-24,True,0,faculty,non-fiction
440f1672-4000-4283-b006-0d2616411fd6,2988d852-2a02-463a-8ebb-f74b1901142e,2024-06-29,2024-07-19,True,1,faculty,history
d5c605b2-d362-4f5a-a265-9853394b0788,b92818b3-97d1-409a-9b6d-6f08bd8c7740,2024-12-07,2024-12-24,False,1,student,non-fiction
905632b1-e803-4371-a0ce-4df4a1771638,4e4c5b6b-878b-4b77-b3f5-8dc9137eaab2,2021-12-22,2022-01-02,False,1,student,art
ea9adc69-cf0a-421b-92ec-3ef810a41d73,7b4b3d2d-f016-4a3b-bc60-e63818b7f6a0,2020-03-07,2020-03-24,True,1,student,non-fiction
84eec82e-d88d-46cb-8e67-6a97a56acfc2,4f0a59eb-c527-4b2a-8542-11027c4b5e02,2024-10-15,2024-10-30,True,1,faculty,fiction
29c1de85-bc28-433d-8fa5-4ef39b2a8c5b,0704e676-d8df-467e-8918-4cd0214aec87,2024-01-04,2024-01-17,False,1,faculty,history
6a13d65a-832e-44c3-865f-8f3887311429,626767f4-09c2-46e5-ae44-666a96fb9b77,2024-12-11,2024-12-14,True,0,staff,history
2d5ee7f0-54b1-4937-8dc3-c65a5993e3ee,740a052d-0cb2-43a4-a0a5-a1ea826174ca,2022-04-04,2022-04-14,True,1,student,science
bc51fefc-48de-4957-a370-d7eea6cf59de,ae11554a-f21e-48ab-b1b2-f09932d388b2,2024-08-15,2024-08-18,False,0,staff,history
b6d073f8-2429-4650-91b3-fd4ac92ad287,436072b3-dd09-4125-b6f7-3458836a4754,2022-07-30,2022-08-09,True,1,staff,history
a8616bb2-b253-44b9-b9c2-83aaf40acabb,6d756906-37ae-47ec-86f1-2ed9bfab79ca,2022-08-27,2022-09-05,True,1,student,fiction
13ef8092-0912-49e6-a6a2-24890da61976,83af593f-b883-46ac-9e70-38eca0f2233b,2024-03-13,2024-03-21,False,1,staff,fiction
c748013f-8861-45aa-ac33-e2da037e141f,af17d339-736c-4585-9aec-1acae7896a8a,2022-10-23,2022-11-01,False,1,student,art
e14dcbf2-5a27-45b1-89dd-ddf5701c7e53,f598c5de-97b2-4e80-b21c-742b21067977,2023-06-27,2023-07-07,True,1,student,science
2d620197-186e-4144-851f-616b495fdfe0,134c843d-86bb-4b18-9abd-91a24c84f30b,2022-12-15,2022-12-18,True,0,student,art
63dd57b5-f936-497b-9f74-3a4229c4f4fc,1f4753d6-65b6-4a32-831c-f50290bf1188,2023-10-02,2023-10-09,False,0,faculty,art
5769317c-0d38-45c2-8765-2e41404f5c33,03f4b925-3164-49b9-9796-3886696d9b12,2024-07-27,2024-08-08,True,1,staff,science
eefa7d4b-1f6f-4d85-9dec-dd29ff8dcab1,cd17d706-cac8-43c7-babc-1bda0e2b784b,2022-03-13,2022-03-29,True,1,faculty,non-fiction
35b7cfdb-6c0c-435a-a906-a872e326b696,da4c571d-1cc9-4edd-b40f-40235d010634,2022-03-13,2022-03-21,False,1,faculty,fiction
cdb73b6e-9e3d-43f5-a9ca-f9884471e004,5a0619ae-0019-44f8-8426-556672591a2b,2021-05-05,2021-05-23,True,1,staff,history
c2c2b33e-8a6a-4a61-ba87-3f7d311fec88,58fa20f4-b57e-485e-b4d7-018b04a3a0b9,2025-04-14,2025-04-26,False,1,staff,fiction
c25b7300-5a02-44ca-b63a-55c5f226d7c2,fd5b82ca-97ae-461f-a5ca-ae8c69ebf2f3,2023-08-28,2023-09-02,True,0,student,non-fiction
7246c2ce-8712-4eb8-a8c1-26672f334e2b,ae296494-06e0-40f0-ab0d-673296942fd3,2020-09-28,2020-10-10,False,1,student,history
111f7619-5291-464b-9951-bb7e202b250d,e5b60447-aea8-4c0a-9ac4-232d2649d0f2,2023-03-15,2023-03-30,False,1,staff,history
ab4004c5-4b76-4281-a47b-afd84fa2f939,d652c33b-8b54-4e34-a5e9-b20214665534,2024-06-24,2024-07-10,False,1,faculty,fiction
d230b557-0a47-4102-86d8-fe8332a247e3,2029d126-2cc3-48e1-989b-45dd65562378,2023-05-18,2023-05-30,True,1,faculty,history
13bca63f-871a-466e-a916-d434768914a2,5029dcfc-213d-4551-a763-1150c0f877de,2024-02-20,2024-03-07,True,1,staff,science
c93c70ea-a0ad-40ad-bc65-3147868b7606,deca61b5-c42f-4a12-803e-c990a54e0581,2021-10-28,2021-11-16,True,1,student,art
f5d375cd-a79a-44df-933a-ee3f68427626,1f5af2cd-69ce-4e5a-80cd-ca40c6f7a49b,2024-06-29,2024-07-15,False,1,student,non-fiction
0484bb47-ae70-4552-a004-41ed8eef3430,3dbb6ced-8e23-4c2b-8f0c-818af9bc820c,2023-11-14,2023-12-01,True,1,staff,non-fiction
ab97245b-b163-40fc-ab6f-5716edde1711,aafcca6e-7633-4ad3-8e79-20a51ae8fad1,2024-07-21,2024-08-06,True,1,student,fiction
d3b18901-ade2-4c2a-ab8e-d6ffaccd13fc,a2544b1f-1cd1-4b8c-bd7a-0e3fdf1178e8,2020-11-28,2020-12-06,True,1,staff,non-fiction
a6e0db2e-51ce-4fb3-963e-ab0ea7cc95e1,b19bd15b-44a6-4bcb-bd12-94650e88751b,2025-03-07,2025-03-10,True,0,staff,history
e610b9ab-1428-4cbb-8d8b-05fd235fb415,2a390122-e3d8-4db0-960e-31372f0bff74,2024-08-22,2024-09-06,True,1,staff,history
98cde0c1-1fe1-4e45-8231-2027824705e0,b7c800cf-85d5-419b-a4eb-0e3b44e9c4ff,2021-07-26,2021-08-15,True,1,student,non-fiction
017af7e9-764e-4b2c-80ff-b2cda88c075b,93ca9600-19ad-49de-984f-335dd7c4f097,2025-01-21,2025-02-02,False,1,faculty,art
b4864ba9-9c40-4b67-92bd-f183c7836eed,80fed4ca-1a3f-4798-be43-84e4e2b1d914,2022-02-15,2022-02-17,True,0,student,non-fiction
edbc6d74-53fe-48eb-9e43-c63249415067,20a57b4a-c723-49ae-959b-6420287a66be,2020-06-22,2020-07-09,True,1,staff,non-fiction
bdaa2ec3-7aad-42d4-9f68-7f04c9d009d1,dfe3238c-8264-4d6d-b29f-3419b426c018,2021-09-26,2021-10-08,True,1,staff,art
716ff5d7-e796-422c-af8f-451665b3b526,6dd6acf4-2168-4866-9860-d3b92031db13,2022-04-15,2022-05-01,False,1,student,history
0fecaecf-f11b-416f-97fd-aa1335be9c86,95597eca-9b89-4060-bf32-1e954f64156b,2023-09-12,2023-09-19,True,0,staff,history
cbaf9739-b058-4d3c-83bb-6196c7fd74fb,b3c1f79d-c5f5-48f6-963d-326a0f847942,2023-01-07,2023-01-21,True,1,staff,fiction
8b90c5f4-8a6e-458c-98ff-8d5752199a0d,a19dd3fa-9327-45e2-9b43-4df3d8970879,2022-05-23,2022-05-27,False,0,faculty,history
f094e000-5174-4aa0-89e5-2af141509cee,28cde833-7991-407c-9689-fa41d95d739e,2023-11-30,2023-12-09,True,1,student,art
22622fd3-c804-42eb-bf85-495f9c530f9d,de288034-4f2b-4c90-a66e-1e7a782e9b20,2022-08-14,2022-08-26,True,1,staff,art
5be4c50e-25e1-40c1-8f54-007658db0e7d,aede382c-00a5-44dc-a39d-bb766d7c8504,2022-02-14,2022-02-23,True,1,student,science
1d10ff89-ef66-4139-840e-105474dde19d,d9c12671-ce59-414e-9504-7fcfc98e07e4,2025-03-19,2025-04-01,False,1,student,history
c7c87434-cd59-452a-be8b-da123e6cfda1,a007dd9d-7dfa-4e27-8218-af0cbc16629f,2020-08-30,2020-09-01,True,0,faculty,non-fiction
9e423b7b-6b46-4c16-b5b7-5e0508008f4b,1def3b4d-86a3-450c-abd3-1e599e406446,2022-03-31,2022-04-06,True,0,staff,non-fiction
a2139521-ba43-4256-9646-4552b42f4163,79b8d643-7da2-4853-875e-95f3123e6cb0,2021-01-07,2021-01-14,True,0,faculty,fiction
f4941c51-f6ee-4f81-a488-8fd713aec08b,c7817fc8-8cf3-43ba-912b-c5e3cd02b3a8,2022-12-13,2022-12-14,True,0,student,fiction
9a091dc1-ed47-4720-beec-bdbeb080d603,bd3218f2-6cc3-4b9e-b240-dfc3395918e4,2020-09-11,2020-10-01,False,1,staff,non-fiction
906d4c91-87a3-4173-a695-cd43f1084096,b2554559-2514-4888-8e35-4adc2eaf4c71,2024-08-31,2024-09-06,False,0,faculty,art
aa551c13-80ad-40f9-9116-43eaaef710fa,907d05e2-3566-4dc8-869e-48da0609f166,2023-05-05,2023-05-20,False,1,student,science
fc2552c7-ecb7-472b-b96c-c161a6b5917a,c6d987a5-c538-4785-bf96-12eec6689bdd,2020-01-31,2020-02-20,False,1,faculty,non-fiction
6ae43f4a-e538-461b-b534-544c624995eb,608113f2-963a-4293-a3fd-10fecd8ab5bb,2023-03-03,2023-03-23,True,1,faculty,fiction
e73e4ab9-a757-4ebf-addf-08e148f98991,53ac5582-408a-4fbd-b512-6126b20987ec,2025-02-13,2025-03-03,False,1,faculty,art
0bdab41e-14c2-4e5a-a2df-6264c2fd251b,5ce104a7-afa9-40ff-bc46-4b95eb5e2527,2020-10-13,2020-10-31,True,1,staff,science
68684294-3957-43a9-a120-af491385c4f5,1b87c410-7df9-40ec-8d1e-27f29f53d876,2020-10-24,2020-11-10,False,1,staff,fiction
1d2d36cc-0c67-4d18-a774-a7e639b123f7,35803536-eaf2-47ac-93d5-063eeb7eae44,2021-02-28,2021-03-04,False,0,staff,fiction
64c47df9-d07d-4c7e-8381-e7b4859c4ccb,bde6ae63-1a07-408a-9575-b9a270c0855a,2023-05-19,2023-06-07,True,1,faculty,art
eee1b073-cbe6-4cba-8e81-1d4eed4a9fb3,da847de4-21fd-4d2b-a4b2-bbd797c32eef,2021-01-22,2021-01-25,False,0,staff,art
d9b1c658-b0c0-432b-a2bd-eb8e95337a55,391f05c6-f675-46d5-b9bc-7ebd7b57ad78,2020-03-25,2020-04-08,False,1,staff,fiction
68bab5ec-12b9-485e-a71c-2c7e46bef916,bd9573e0-e602-4f81-853a-e671665ad915,2021-08-14,2021-08-19,False,0,faculty,art
92c5464c-8a5b-42e8-8263-767835916cf9,c57b5730-1017-410c-b871-42cc4e3e7b36,2021-05-17,2021-05-23,False,0,student,science
6a56234d-e750-4b13-9e97-61b21d7d4202,88c28cd8-d467-4f73-b701-6eaba43ecf6e,2023-07-28,2023-08-14,True,1,staff,fiction
1bf34e55-9fca-4f0e-8c71-9a7ae934d463,eecf719d-67f2-438a-a57e-1bf7e21a5bfa,2025-04-13,2025-04-14,True,0,student,history
001ac810-37e9-4ec4-98f9-8a639c8c46f7,ab7a28bc-889c-4eef-9e06-b17434c84f8b,2023-04-17,2023-05-01,False,1,faculty,science
ea298a3e-0bb5-46e4-9e7b-9491b9851867,c7787b3d-5806-4beb-98aa-1f260acd3e6c,2025-03-24,2025-03-25,True,0,staff,fiction
76cb7a4f-4ae2-4009-9a02-e4319b276252,f1970d52-1e3b-4f04-8362-cbc8eaa101d7,2022-11-12,2022-11-18,False,0,faculty,history
b631ff3c-10ac-4224-8c97-7b5cb2b8066c,b78e6329-f406-4846-8d90-39a27a56145f,2022-10-16,2022-10-19,False,0,student,art
f8f33009-70de-44ab-b4a9-001e63273e10,111d23f3-0fa6-4149-8c86-1acb23bc642d,2022-06-22,2022-07-04,False,1,staff,art
b7d87623-bbfe-4ce4-b08d-eacb7ec7b373,6052fd16-ccd3-4cec-b0cf-f4622b2838eb,2024-03-03,2024-03-16,False,1,faculty,fiction
93fcbf25-ad7d-4a0a-83b4-2b344636e521,bc324653-d248-43aa-9674-1d63c678be9e,2022-03-20,2022-03-22,True,0,faculty,history
7dcd4640-3b9d-44ce-a094-76122e5bc434,e00916f7-e8f7-4c93-b24b-ac20d6189438,2023-01-25,2023-02-05,True,1,student,science
db61b305-96ab-42f4-aa3d-d75181bffda3,76cad514-c232-43bd-bd59-9193771dbca7,2020-01-25,2020-02-07,False,1,faculty,art
984487ec-9ce1-4fa6-a62b-c37916724dab,155597cc-2f8d-46b4-9c99-13d97e59e86e,2021-08-11,2021-08-22,True,1,student,art
de177781-a559-4141-b41b-c537cb16504f,90a1e938-2f1c-4fe6-b618-eb60c6b4080c,2022-11-21,2022-11-24,False,0,student,fiction
0e632d50-fcc8-4e76-87ac-64759c3299ec,39e92474-69b8-4911-b9d4-348db05bfb5f,2021-09-28,2021-10-06,False,1,staff,non-fiction
368b1399-8f6a-4079-be34-4a477158ce84,b3cc19e0-6844-4fae-98e9-80fd2ce38b29,2022-05-28,2022-06-08,True,1,staff,non-fiction
a5387421-7403-4f13-b887-35ab40f3d899,1768b7b9-ee13-4c7c-a829-45aa4ddfafbb,2023-12-06,2023-12-09,False,0,student,science
8f75727b-6076-4470-b809-ea81c9927423,df4cd23d-12f7-4771-9e6a-d7eb5f884987,2021-08-14,2021-08-21,False,0,student,science
a9f3be37-cd9b-4269-bad2-e884557875bc,56efe245-0ba3-40ee-8f30-f38ef98021a6,2020-01-04,2020-01-09,False,0,faculty,non-fiction
865e1b77-ecbf-4881-9743-5c4c0d773307,e51ce181-59d7-4086-8667-e7612c2009e7,2021-12-17,2021-12-25,False,1,faculty,art
92e18f62-1104-44dc-ada8-131df0708531,635e02dc-e1bb-49ea-a06e-cb1487b2d8bc,2021-12-18,2021-12-24,False,0,staff,art
b02109ca-3330-402b-bb82-ba6439acf170,964b28e0-26a6-4ccd-9060-b4ee00ec9194,2020-11-28,2020-12-05,False,0,faculty,art
62839c4b-d376-4904-97e7-2d131b27081a,74dbe38b-afd5-4e61-89b3-1e671f15f63e,2023-02-01,2023-02-17,True,1,student,non-fiction
83d4632a-bd61-4e03-b9e6-e5475b0ab7cb,6f06986f-2979-4438-bcda-6d56811b4476,2020-01-21,2020-01-29,False,1,faculty,non-fiction
8659eef1-cd75-4f90-a889-abe08cd17482,725377b4-b7af-4416-b184-ec0d688bdb98,2020-05-21,2020-06-10,False,1,staff,history
422f0643-110f-49ff-82ee-13f352b31672,f9839b96-ee13-4e9d-8c87-2b30cc38e097,2020-09-07,2020-09-14,False,0,staff,history
68860df1-6f2a-4b57-ae52-a3fce2eafa00,8255e2f1-a373-4fb7-a167-c18a84887e10,2020-03-14,2020-03-22,True,1,faculty,non-fiction
bc932e24-b328-47dd-8c97-2693441872f8,345133fd-9fa3-478d-b886-5a46ca1fba22,2021-01-30,2021-01-31,True,0,student,history
71d515d6-1dc4-4f3a-9d54-8d5817ed1b29,a41c81f1-2139-4f3f-b300-f98256bdefea,2024-10-26,2024-11-11,True,1,faculty,science
2b38e726-1fc1-4cdf-9b5a-99c26f02ae5a,f5a3a680-39a6-44f8-8d66-2fef0c8d37ef,2022-06-27,2022-06-29,True,0,faculty,history
f5a8f742-108b-4962-ae51-5cfaa2cc73ec,27322605-6ff9-45fe-a8bb-a964ae409ef4,2023-11-13,2023-11-14,True,0,student,non-fiction
21fc10de-cb83-40b0-af82-29d500f83e03,d4fc756d-bd0d-4322-8a08-85cea73cf19e,2023-03-12,2023-03-19,True,0,student,history
347de1a0-88cb-4ac1-95e8-9772fab7d1e0,365dfa4d-ac56-4b64-82f2-9b0484c7fdc1,2022-09-02,2022-09-22,True,1,faculty,science
c72886ff-1865-4b32-b3ab-36860c9630bb,cb2ae61b-2f09-471e-a2b4-506763951206,2020-04-07,2020-04-14,True,0,faculty,fiction
7bc4c0fd-a964-42b0-a1c7-4a1aa6e4ec8c,d6be2f87-8cb6-4c2f-b1fb-dc18887146a7,2023-09-21,2023-10-02,True,1,faculty,history
8a0c4567-6e78-4b65-88c6-24edc4cda150,727769fb-befa-4594-9f43-82dd2b12a5ce,2022-08-25,2022-09-02,False,1,staff,non-fiction
d8f05dd7-643a-4bdd-8c32-0a033ac78d20,f562cf2f-fd0c-4f56-9a9d-762caddd0068,2023-11-03,2023-11-18,False,1,faculty,art
4cfaaa1b-afd1-4dee-b4fd-d94f52f54e80,d1e60e89-bc3d-4eb1-95b0-99d12b327f35,2025-03-01,2025-03-11,True,1,staff,non-fiction
9b13cf1e-cbc8-4303-8af4-0d64b017426f,bd607310-80c8-4d22-be8c-cbb615edc561,2022-09-18,2022-09-25,True,0,staff,art
fd58b77c-ea83-4228-b62b-4feaa4e00f6b,aa23588d-d436-4035-94bc-c8e5a3656a55,2020-08-29,2020-09-09,True,1,staff,fiction
53b4eb8d-a7ce-4b11-a51a-c89a0e4494dd,62624972-d102-464b-a308-ef20548c5039,2022-07-05,2022-07-18,True,1,student,history
b1d8bab8-df3c-415f-8223-344561f070d2,06cfa103-6d52-4961-8347-9a8145908cd0,2020-07-27,2020-08-15,False,1,staff,history
6d13db32-6171-4411-bae5-534f3851031e,960d31d8-84bb-4c68-b2bb-f38c9c1d0b1c,2024-06-19,2024-06-21,False,0,faculty,history
1e4bae59-07b6-488a-9c52-5d6cf997fb03,e585d384-41a9-4ff0-9811-d87b56ba03e5,2024-09-25,2024-10-12,True,1,staff,non-fiction
0e665204-2330-4d4c-a6ce-dc186273c585,718a2e1f-dbd4-46f2-9fc0-1b156be2e8a2,2022-04-15,2022-05-03,False,1,faculty,history
56fb2482-de40-4eca-8f17-238ed8f7f0e9,972d98a9-0c70-436b-b358-0d1ba695e44b,2024-05-21,2024-06-02,True,1,faculty,art
b723b155-d283-4327-a582-5030ad9737ca,66ab7ab6-44b1-43b9-8f5f-247e13190359,2022-02-03,2022-02-08,True,0,faculty,science
db514dde-d73b-4369-9c35-383ef1d0c7c4,87d7fba6-e504-4e23-ab29-6ca251f63f93,2020-10-22,2020-11-03,False,1,faculty,science
7ec6daa0-0eda-449f-916e-87ac5fdc8bf3,2a941f88-45f4-47ff-b7d7-adf6744a3cb5,2022-08-28,2022-09-11,True,1,staff,science
600a41d2-58dc-45da-84c4-e2773dca7308,cf4779e6-8e16-4e05-97f8-ac3921a395e1,2020-08-10,2020-08-14,False,0,staff,history
007ead1d-6ea2-449a-84e1-54472df66cf5,b0d2730e-274f-48f4-9080-c2251214f37d,2021-01-12,2021-01-26,True,1,student,science
28193957-bb54-40a8-9c2d-ca5323c9212f,7b9a7f07-5ce6-4aa3-8f90-b89e9ca843a5,2024-06-16,2024-06-19,False,0,student,history
8f02010c-7b58-4349-b9e1-0ed09b562ef6,71ce9ddd-14a9-4bda-b448-e298abaa6732,2020-12-04,2020-12-20,False,1,faculty,history
c7152af2-707a-4040-89a1-348086f38dd8,6abe23e7-11ef-4ace-bda1-0dd5673d9288,2022-08-07,2022-08-16,False,1,faculty,non-fiction
b48f8bb5-7b75-482a-9903-1c4b1e88fb38,82949d95-ffdc-4491-8258-af769c1dffa4,2021-07-20,2021-07-28,True,1,faculty,non-fiction
fc4d2025-77e3-4f93-b84b-875fd2000a57,ee3a4f3b-3738-4639-ab1c-e0e344d017d2,2020-01-19,2020-01-29,False,1,student,history
35ceeb26-ce53-4fa7-a46d-c4a6c22aa2e6,f87a0243-932d-4db3-bdb3-c3f86a4e5d13,2020-11-28,2020-12-03,False,0,student,fiction
86e4f0f0-2f7f-42bf-b59c-831cd6f7a4ab,f50f5ed4-f2cd-4397-a544-38e5a5d747ad,2024-03-20,2024-03-29,False,1,faculty,fiction
2c56f8d7-64a3-4fcf-8258-990cb861be97,9079ef3a-abf7-48f7-bdb9-82161fc76a2d,2020-09-23,2020-09-24,False,0,staff,art
30b07459-5375-4cb6-a8fa-54d46afb82a7,baa589bb-f676-4e90-9030-8c1cc6f81442,2020-01-24,2020-02-13,True,1,student,art
d3c58f21-3e1c-4c81-a494-0c201399489e,98146af2-8e52-4997-9ec0-4843d11cc468,2020-02-26,2020-03-01,True,0,staff,non-fiction
0d9bc718-e67e-44d6-a500-c5d7587e8265,aebd4b55-f8c4-4c00-aecf-bdf548f8bf2e,2023-04-21,2023-05-03,False,1,faculty,non-fiction
dc662440-11c7-4d5f-bcad-fe38775c8c46,4fbcdc1c-3719-4c6e-9644-e08d40296cf5,2024-11-05,2024-11-16,True,1,student,fiction
94946661-5bd8-49dd-90ac-1e1b389ca9a4,ff8baf05-a659-4146-b1cc-d0fba7b1fd5f,2021-05-12,2021-05-13,False,0,student,history
7190f3d3-5328-43da-9af6-913889db5f18,0a60655b-6087-48a2-8cc6-a4531016bdf9,2023-07-05,2023-07-20,False,1,student,science
6ec988ac-c159-4c76-8796-330056b59686,bf6cc0bb-208f-4b04-a3ef-c5b928410fae,2023-10-31,2023-11-02,True,0,staff,non-fiction
4f6b6728-44ed-4c34-a1a2-7a9c8d0f39d3,6aa2646c-d400-4dcc-b882-1d08ad85cab7,2022-10-09,2022-10-23,False,1,staff,history
73bbc323-85c8-4028-bf52-35204cd4f437,4d4a601e-83cc-4d66-bea2-6731ffd23cae,2024-01-23,2024-02-01,True,1,faculty,science
54c08820-d074-4050-8c10-f225bac66840,ca348ecb-b29d-4840-abc0-1df8d58cac74,2022-10-04,2022-10-11,True,0,staff,fiction
5b996097-2f38-454f-abb1-6cade984494a,e4d3927a-cbb2-476e-a519-c4825704b2ff,2021-09-26,2021-10-06,True,1,staff,fiction
83521126-fbc3-4f6f-af96-9ce5179f8f17,492cddc6-0038-412a-a751-b38549edb357,2024-09-03,2024-09-06,True,0,staff,art
76d846ae-88d4-4857-b63a-0335a2df3378,697f4f82-34c1-4a2e-a507-7ac80c4a2e2e,2022-02-13,2022-02-28,True,1,faculty,fiction
aaebf84e-2997-4366-a2d5-8fa1d19a48ce,e5f38856-e430-495d-90e0-0317c49b42bf,2025-01-11,2025-01-17,True,0,student,non-fiction
cf40b1b7-c9e8-4aaf-830e-c0a0b44a9c4b,aecd0e99-0eeb-4fb0-ad7a-90ea61247231,2021-01-04,2021-01-07,False,0,student,non-fiction
633b2b21-7077-4700-9573-0e4161a19577,d966bd51-edc1-47b7-a4c4-618b7f78e2dd,2021-12-07,2021-12-19,False,1,staff,history
bcd947bc-9d44-497f-9aa5-50fd74617451,645566ce-67fc-430b-91ce-1dde915cada0,2021-06-23,2021-07-01,False,1,student,science
8cf80ea1-dd14-4729-ac68-033c3f6f7ba8,520eec49-5855-42c1-a7c6-f4b41d7e08de,2022-06-14,2022-06-20,False,0,staff,fiction
84f84141-cb64-4ce0-9206-114fb7b3efa9,ecb9b6e0-ad3a-4900-b501-12b11d1b4eea,2020-05-24,2020-05-26,True,0,staff,art
4b5c9f80-7c0e-4331-8c90-a4c021f347c4,5211276b-361a-482c-8452-7740d9da8f1b,2021-01-15,2021-01-30,False,1,staff,art
341582d4-d32e-4253-8be2-e5e45438752c,e3870ada-4ce4-4b8d-9f43-0b5b27696f83,2022-05-31,2022-06-03,True,0,student,science
9ba235c2-23e1-4778-86e7-c499965e762f,75cf6548-49cd-455a-954c-397e445d9feb,2025-02-09,2025-03-01,False,1,student,science
9f94df8e-c863-4822-83c3-f2fabb1740f1,bb2e5419-3718-45bb-8f2c-2ef4eab13699,2021-01-19,2021-01-26,True,0,faculty,non-fiction
5a7c21d2-13f3-41e0-9096-0abe955e244c,4e64631d-0226-4a1d-b71d-785a8b110a3b,2023-12-21,2024-01-07,False,1,faculty,fiction
8e91df5f-9011-4801-bd16-f634fd7706b5,b9fc87b4-f410-45c9-87b9-d31fff268cb3,2024-11-23,2024-12-11,True,1,faculty,fiction
87c96af4-c9de-47a2-a316-b40b706b7307,326c4114-0893-4520-98bb-96847a98a8c1,2023-03-14,2023-03-23,False,1,staff,art
c87ea787-058a-40b4-af9c-18ecbf0c3b1d,b5f4c32c-3893-451b-831e-e5ed8f2d4269,2024-01-19,2024-01-31,False,1,staff,history
a6561017-faf1-4cc4-8d76-7ebdfede0035,255a8462-8e53-41c7-b4ee-fea9ab330fde,2023-08-07,2023-08-23,False,1,faculty,art
e801124f-cbd8-415d-80d0-37ac55025f12,13ca838f-acb4-475c-a42c-347eb5daf878,2022-11-03,2022-11-11,False,1,student,science
c441e546-10d7-4367-b79c-39038b60e47d,d16c8431-584c-45f6-83d3-906cbe9cee99,2022-07-24,2022-07-30,False,0,faculty,fiction
376523da-03f4-435b-9e50-b911afb48fb7,11e2b3bd-e5b6-491d-9a46-798a525ea408,2023-08-18,2023-08-29,True,1,faculty,fiction
1b7857af-8009-4748-9273-b8a1699a0a8f,58133340-8f21-4e1e-b240-86b8f34387b8,2024-09-01,2024-09-21,True,1,staff,non-fiction
90369a33-2ed3-4de4-a044-987a222d77b3,a29743d5-a9c9-44d2-aee7-c7b491b49298,2022-03-24,2022-03-26,False,0,staff,science
eabc9e22-5e06-44e5-941a-43f1c193c121,5e67bf48-4b35-44c0-ac34-ef2c45fc4b9d,2023-09-17,2023-10-01,True,1,faculty,art
a3b8c714-bb15-4c47-8ee5-0b063b9ab682,b92eb22a-6ad5-48e6-b726-d8ce34fa571e,2022-08-07,2022-08-14,True,0,faculty,science
64b84357-f09b-42ca-a426-072a68e9e213,f4907966-0f91-4947-b47f-c7278da99ba5,2020-03-12,2020-03-21,False,1,staff,science
d93fd73b-8e15-4671-b82a-de2cbb435f3f,f4207979-7016-43cb-80ae-acf334772383,2023-11-27,2023-12-02,True,0,student,non-fiction
02f0dab3-9f34-4b08-a26b-15d1d1816c2a,9568cd87-9356-493f-bfce-4a37e101589e,2020-11-01,2020-11-20,True,1,student,history
1f016ed0-0a1b-42ff-8f7b-b7db9a35f841,0a59be14-f3c0-4b95-aa03-dd08c7dbbbd8,2024-05-21,2024-06-09,True,1,student,art
c1c56fd5-9eb1-4fb8-8c08-9eba20edf987,72456c97-5516-407f-a651-4c382f045657,2021-11-14,2021-11-16,True,0,student,science
d2024481-bbd9-4960-9fa7-046839b4f2c3,becf240b-56b1-438c-aef7-7bfaf24ddd7e,2021-03-17,2021-03-25,True,1,staff,non-fiction
d0469692-a1b6-42b5-b58c-007bd9609b91,13705548-b2d7-480c-91fa-b1bdac6e9725,2021-03-14,2021-03-23,False,1,faculty,history
3571726c-b043-486b-a68d-4fa692cb9f1e,1ecf3e9a-c094-44f5-9a50-aef3e1f85777,2024-10-10,2024-10-27,False,1,student,history
cf8f4ec6-0930-4e36-9416-3484005258dd,9870c869-ad76-4c77-b540-fe24d8190168,2022-11-24,2022-12-08,False,1,faculty,history
b9174162-d227-482c-915e-2d6ec7fcc356,eea2ea13-fcb3-4481-8cc0-91662b8393a5,2020-01-31,2020-02-01,False,0,staff,non-fiction
501c8878-2840-4c09-9560-3e9ca48fb4eb,857f3323-3f9b-4e27-8b66-6e6eb8f3e163,2024-09-20,2024-10-08,False,1,student,fiction
a0be3deb-5e03-4f4c-8fff-062a6c7bc0b8,5a5db290-7075-48f7-ad0a-0532ac5be4d0,2025-03-26,2025-04-09,True,1,student,non-fiction
573cff31-22cc-4cd8-87ff-dc7d5197e8ef,8b868116-1b61-4f74-97f9-7cb022a817d0,2021-12-22,2022-01-10,False,1,student,art
42b5b679-e79b-4bd1-9574-0a29f0f80f51,a4fd9a9e-c628-431f-80e9-5006d1527a95,2021-06-25,2021-06-29,False,0,faculty,science
4f7e79e5-4ae4-4c5f-9b39-1c6ff7f77673,680b9572-5489-4c8a-b15c-18d89db8b47a,2020-05-24,2020-06-08,True,1,staff,history
56a26322-c094-4cab-b290-ee3c2a0ddcc7,d058801b-0d8c-4ead-8234-f9e819413c41,2023-09-10,2023-09-17,False,0,student,fiction
35aff73e-34b2-4560-8920-fba0b859dfd7,5c16e8ad-92fc-4bc2-973a-bfabce310ad9,2024-06-09,2024-06-12,False,0,student,history
1d803168-9670-4434-9118-9e3f28bd12a3,9d0a54b1-14e1-4d43-9fbc-2c47093b114f,2022-02-02,2022-02-14,False,1,faculty,science
03b329bf-75b3-48ad-93d0-e34976191fb2,24f6b5f7-9fb6-4739-8757-2a794f0b6bc2,2024-05-12,2024-05-21,True,1,staff,art
afaa0321-a339-48bc-87b5-461a5471fe44,5a2617d3-5c04-4cb0-b25d-8b4dfe0d0346,2023-10-06,2023-10-19,False,1,student,science
46f4b5a6-9a32-437b-aea8-e9480184c5d0,16ac2dcc-53e5-42e2-adeb-f9ba8dbb55f9,2023-06-14,2023-06-20,False,0,staff,history
a6263345-ddc1-48ae-b93a-084eac9138f4,01a76ce2-100e-4452-8c64-5d220b10aa83,2020-12-21,2021-01-05,True,1,staff,history
cb6f6b8e-a288-43aa-937e-a9620e990ef8,5b2bb629-9c9d-4971-bd99-791425480c0d,2021-11-05,2021-11-24,True,1,staff,fiction
e242e500-ea71-41f7-bc61-5afdbf817ea9,6f18f796-afb8-42b6-9f41-02264666f1f7,2023-05-14,2023-06-03,True,1,staff,art
8d4dfd34-ed7e-41d0-a5f3-f7049c2bac8c,1733a7c6-7f12-4780-9e3d-745a5fc95527,2020-09-05,2020-09-21,True,1,staff,art
f0077260-c6b4-4eeb-a03a-faf8825d3691,d779b276-7238-4b9d-a1db-8bd67b93ed19,2021-12-09,2021-12-12,True,0,student,non-fiction
6ee4df26-cd18-496b-8891-0a30a5056471,348183da-a576-4a95-aec8-e475013280d4,2020-02-22,2020-03-07,False,1,student,history
d55d2995-415c-49b9-8043-1f6a5e4b587b,04e4a8c7-d4d4-4d8b-9a6c-443efddf4de7,2021-11-06,2021-11-23,True,1,student,history
7dc60707-d0d6-4f86-a897-4d65af943741,d32fef41-0d7e-404b-a13f-8c42804b4bba,2021-10-26,2021-11-01,True,0,student,art
55532a20-76dc-4c62-ac2c-4deb57aefd67,464dcf91-8e5b-46b9-83d3-e7908d6486ae,2022-06-06,2022-06-13,False,0,staff,fiction
d3390aa4-3988-4ba1-8595-fd1a76667b1b,727081cb-e0fd-449a-bb8c-982d6fee96b3,2023-02-02,2023-02-09,False,0,faculty,history
8cec4375-2d3b-4f88-87af-26e1d2b5e516,985c6da6-3556-4c40-9ab1-391942d94aa6,2021-01-03,2021-01-19,True,1,staff,non-fiction
2812cbf8-0121-4899-af8d-8d6b8c7861a6,179f75f2-7893-409a-b92e-bd66376f1d1b,2020-04-25,2020-05-10,False,1,staff,art
8533e026-5234-402d-b92c-cae2801fca37,d127d78a-9129-493b-9eaa-0672b0a9980c,2020-04-01,2020-04-17,True,1,staff,history
ad7f0299-e74f-450e-9551-41512ba7d57c,e11203e9-6073-4bd3-931e-e027b015ebbf,2024-08-05,2024-08-20,True,1,staff,science
d7c7dbc9-4fb6-497b-9b93-69a07d92fd7a,325ea587-958a-470d-81e6-64126216e88d,2023-04-06,2023-04-10,False,0,student,non-fiction
17f5f5d8-adaa-48d2-9d6a-15219d9dead7,05d8ebf1-b402-4147-8458-d5a0caf4f5d2,2023-05-08,2023-05-21,False,1,student,science
9e423973-b5e4-4d54-9839-b637f997f022,dd367e4c-960f-4840-b213-537717282c62,2021-03-01,2021-03-03,False,0,faculty,history
ee5a8ab9-d5a8-47f5-bf60-8dfa9e2cc641,cde44f7b-ea87-4d49-902f-0b0a50452824,2024-12-25,2025-01-10,True,1,faculty,fiction
1356011e-cdb6-4d8a-8b83-9c9d304b53ba,b7ed4786-b901-4de1-8f1e-a42f9d0c45cb,2024-01-27,2024-02-04,True,1,staff,history
d0ccbfcf-c0f1-4fce-bddd-3d8e907ecf45,7bc86425-f125-4998-a3bb-fad198de353b,2023-11-23,2023-12-02,True,1,student,art
e8bbeefb-ef56-4189-adf3-50c871890658,9ec1676f-7dab-4f1a-a4b4-3044ce95edb6,2022-09-15,2022-09-26,True,1,staff,art
761ee08b-a0d4-4d35-9063-8235521cdf15,73f4ddb4-265a-4527-8b30-b6ffd76d11ef,2024-06-22,2024-07-11,True,1,faculty,non-fiction
0731efc2-1b68-4d03-b359-d9c42fa84fec,76f03309-f062-427c-bb17-fbf474c2f57f,2025-04-05,2025-04-07,False,0,staff,art
53068654-20dc-4570-b25f-8caad923e0aa,9acbebc6-fbf2-4b75-a175-97b8924ce220,2020-04-18,2020-04-21,True,0,faculty,science
c949b717-3e59-4c5b-967e-494e813b1ce5,126f90f1-ac6c-4575-a16c-3e92783071f7,2022-10-12,2022-10-29,True,1,staff,non-fiction
73d08f93-fb3d-4007-a2ef-dcc176df8196,c5a3db3f-23da-4436-ab11-df3978394567,2022-05-12,2022-05-23,False,1,student,non-fiction
eee48798-498d-4d5b-86e3-c5815c398dee,262e4e75-5551-40ad-8961-3731fc6ce9f5,2024-11-23,2024-12-08,False,1,staff,art
8f70160f-d932-44a6-960a-9a77b709f393,a98047b8-cd65-4954-8e52-82f50f2d5e8f,2021-07-21,2021-07-28,False,0,staff,history
33b87bf9-557e-446e-a58d-7d13b9553213,7c549073-54f0-4d1f-b167-ce754e41b517,2022-12-11,2022-12-22,False,1,staff,science
6231111a-bbed-4bd2-a97c-079dd1e95725,ac95d7bf-01cb-4f9c-9c89-8cd88719a0d8,2024-04-20,2024-04-23,True,0,staff,non-fiction
98921a7e-9342-4219-b8cd-479892111ca8,40a6f267-bd0b-40dd-a129-1a9e7b6ae9aa,2022-07-18,2022-08-01,True,1,faculty,science
1086daf3-6ba1-4dae-b2fd-a0f8ede79d04,a9a755f7-996f-4d88-82fd-6157389c9040,2023-07-06,2023-07-16,False,1,student,non-fiction
4cb86cc6-cce1-4a98-b71f-dc7df8f34884,c421c53d-a1dd-497b-a66a-faeadb6a823e,2022-04-24,2022-05-01,False,0,student,art
44d82d6b-de1a-40f5-b44b-8e9cedf4dec8,2e6fe1a9-cbca-4674-a68f-8559734376c5,2021-11-05,2021-11-10,True,0,student,science
330eb231-3094-4417-95f7-5e9eb35848bd,e897b131-8dd2-4676-baed-78cda781f0b2,2024-06-18,2024-07-08,True,1,staff,art
349ed93e-07ff-45e7-9b77-fae6fdc62d2f,6e53dd28-907e-4337-8b29-69a335ec25a1,2023-05-05,2023-05-06,False,0,student,science
b82b8973-3ec7-45e4-9db1-2512e7786e95,2a04a88d-a8e9-4ca7-8b5a-bc6a77a97590,2022-05-11,2022-05-17,False,0,faculty,fiction
2bbb2dc1-e62f-4555-9117-c865f2a2e887,1a10978e-c9c9-458b-a266-f054264655f0,2023-10-12,2023-10-15,True,0,student,history
f8bc931b-66ae-4e37-904e-cae55b93eaa4,f0592372-495f-4505-b102-86b6403e4f24,2023-12-31,2024-01-08,False,1,staff,history
a3fb947b-a1b4-4287-b051-d6e20abd503c,e39e86ce-4144-48ae-84e8-adf55c52dd60,2023-03-26,2023-03-31,True,0,student,non-fiction
702f731d-3d62-42af-8166-83ea07cff7b0,2bad462a-92e8-4e8c-9808-8d687f26492a,2024-11-06,2024-11-20,True,1,staff,art
995817b6-80c3-450e-9f48-d02956a437c1,cdb62f9a-7818-4f3b-b503-f6c58fe33a94,2020-06-08,2020-06-17,False,1,staff,non-fiction
064e5fea-242f-46d9-adf9-37969454dd52,36b8d75f-5b1a-4010-bb07-79f4179537f9,2020-11-25,2020-11-27,False,0,faculty,history
85fd0182-0678-4c7e-9275-3f7f91d3721f,fb38d280-c342-4294-bc83-7bfdbd716488,2020-04-01,2020-04-03,True,0,faculty,science
4d48ece7-5d1e-4af9-a86e-153146a035f5,03628779-2475-4169-b6bd-ec05fe969d00,2021-02-16,2021-02-26,False,1,student,non-fiction
604eeee6-a59d-43e9-bd6c-fd9dddf3059e,2bdcd757-c5aa-4120-92e5-d3c642cc0712,2023-10-02,2023-10-11,False,1,staff,fiction
f468777b-936e-4c27-8427-930268d676c6,09bad90d-cb34-452f-9f9b-f41cabda14d5,2024-04-27,2024-04-28,False,0,faculty,history
87e55427-b216-4cef-bb8a-60f149e68593,ef480e23-d117-48b6-9e2a-1ee028f4db2e,2020-03-06,2020-03-21,True,1,staff,art
7f6d2c25-d6a9-4ef1-adc5-1a92f1fb2c36,3f2901bd-a09e-45d0-aeb9-e31b69dfc836,2021-12-12,2021-12-14,True,0,student,history
bf579913-2080-4a84-b91b-0e9290399023,722b7f4b-d77e-47ee-a6ac-4c0a4239f2f3,2024-10-17,2024-10-27,False,1,staff,science
336619fc-8fbf-4e9b-929e-d64ba59c1932,4cc612b7-253c-46f1-92f9-df4e4d8ed636,2021-05-09,2021-05-21,True,1,staff,fiction
8adad248-aa68-4554-8ff7-ad02e895dd9f,2a96137e-2b4c-451a-bad6-c8fec6ffb5a8,2023-04-27,2023-05-15,True,1,faculty,history
8add5306-3b1e-4693-b473-b2205288d288,1ef23e6c-fe2a-4f91-970d-649659c1de93,2020-11-18,2020-11-25,True,0,staff,fiction
6559461b-a51e-428a-9843-06acaa0da31c,ba535397-52f0-41f9-ad59-cd5ae2fb0ea6,2023-01-01,2023-01-12,False,1,faculty,science
838eb512-fc9f-470a-87a4-26e843259137,15eaccaf-f502-45f9-8450-703ff27eb4a3,2021-08-03,2021-08-16,True,1,student,science
ae4befa3-90c0-426c-a237-3ddc0942e55a,0233a163-ca16-4a7c-9584-ca2285261248,2024-11-28,2024-12-16,True,1,student,fiction
011224a4-efe0-4c9d-8105-30cc4aac97d0,ef8622f3-2258-4fee-8eb3-b8239a7cf88e,2025-02-20,2025-03-03,False,1,staff,history
10656afe-5537-4249-8b2d-65af1dfaeef0,19998c03-bed9-4c10-ae57-b44c36ec463c,2023-01-29,2023-02-17,True,1,staff,science
3d2ff9e0-041b-483a-9d87-74ea70b93c9c,2ccf56e9-6523-40c0-9684-4a4af03746e5,2023-04-21,2023-04-25,True,0,faculty,history
1fbfcc31-272c-4dd6-9348-32cbd400f86f,4bfe9324-e94f-4889-a408-2e6a6bc2fca6,2022-11-05,2022-11-06,False,0,student,fiction
beb98423-ac64-4ca5-98af-37564986132a,e22afef4-aeee-44cc-872a-671cd5e4856c,2020-08-07,2020-08-19,True,1,staff,non-fiction
aadea0de-d553-4481-8eab-e4e5b52beeb1,008aada1-0809-4eff-8c6e-ab020cfc3622,2024-04-23,2024-04-29,True,0,student,art
30d17a19-6b58-4ded-a743-2186465cb56b,cee0044d-e183-415f-8a94-8f589958583d,2022-03-03,2022-03-14,False,1,staff,art
f8ec2f7f-10fe-46ab-bf40-52f3d99258a9,d8b4b542-1d2a-4e5f-8018-b268d7be83e5,2022-09-17,2022-09-24,False,0,faculty,history
e1d0add5-5ec8-430f-a506-e4e650ca25ea,50283995-6696-4ce7-99a9-09f1b2534342,2021-09-22,2021-10-04,False,1,faculty,science
9f8e9ff9-985d-4474-bceb-6be4b9abf989,0a1706c9-386d-4495-8099-4c57fa9e8515,2022-12-24,2023-01-04,False,1,faculty,science
943e801c-9982-470f-94fe-1565223a3631,b7d2421c-b9cb-46e3-8f29-d19d66497726,2022-01-09,2022-01-16,False,0,student,art
c100038f-fa9f-44df-861d-6ba1a32e6eb2,81333a93-e30b-4a0d-ad7d-e0795cd8fd97,2022-03-23,2022-04-07,False,1,staff,art
1f2d7356-19b3-4a5b-91ab-6c27a32cd707,efb6e5c9-f022-4fad-aba1-3bb0454bb37c,2023-09-30,2023-10-13,True,1,faculty,non-fiction
6307ea19-23cc-45a8-92db-1c1e44b5d709,b1e79bf5-f7a1-4489-a899-cf671a12a74c,2021-05-27,2021-06-09,False,1,staff,non-fiction
d7bb6436-c190-4c52-ae7c-12651baf9118,edae59c7-cb05-4884-9636-ce249e026f0b,2020-10-06,2020-10-09,True,0,faculty,non-fiction
0ebfca72-e11c-4332-92f4-3dd93016a3b0,b73b19ed-cb47-4dcb-9a2e-983dceea1349,2024-03-02,2024-03-14,False,1,faculty,science
ff0b178b-f01d-4991-b629-ba9df9d4fd83,73486a5d-0e64-4ca1-aec2-4cb50c3927a5,2022-04-07,2022-04-19,False,1,staff,art
7885c82f-c52a-4df9-a024-a2d764b82b36,1d8ac910-7478-4791-8ff6-2b6338bafcc1,2021-07-22,2021-07-27,True,0,staff,fiction
08950e38-1d6b-4523-87e7-dd8687a7d45a,d2351451-9eff-4eee-a4c0-e82efd8d65ac,2023-10-03,2023-10-17,True,1,student,non-fiction
aa0c4741-4e55-44e4-ac53-2fd8f5d85f20,450e108f-8f7d-4129-b860-d7e18198c52b,2020-12-21,2021-01-09,False,1,staff,science
d9e9c71d-4b3b-47b4-8644-6ec90cd1c68b,84d8e0aa-a414-4b80-af99-9d44f4b79477,2020-02-11,2020-02-20,True,1,staff,art
af996696-bdd4-4660-b275-509101777341,ceefa59b-e4a7-422f-9225-0fb1e8669489,2020-11-08,2020-11-25,True,1,student,science
3fd11767-6260-4a9d-96d7-26cb485df825,948a81ac-be3d-4deb-994a-c4b15733860d,2025-02-09,2025-02-27,True,1,faculty,fiction
284329f5-3e98-482e-83eb-00108b7f9261,60843824-f12f-4c8e-9dfc-cf436980c38b,2022-04-18,2022-04-24,False,0,staff,history
e2c6db74-249d-4a42-a083-de0a9b6d4dc1,b0459415-0eb7-4533-929a-27418a00bced,2023-07-19,2023-08-06,False,1,faculty,science
35e376a2-14ce-4be0-ae37-cd3c7c1aeb11,babb5e4e-e0b1-45ce-b86e-e50d439e07ac,2022-12-22,2022-12-28,True,0,student,history
96dad133-98e0-4c67-bf06-87375c2abb3a,64dbe455-49a1-41b5-9fea-67f058dcea0f,2021-07-26,2021-07-30,True,0,student,non-fiction
525292b3-1f30-438f-8c88-7087395fee10,7382f1c2-9819-441b-83e4-31f8a69eccd7,2024-04-25,2024-05-07,False,1,staff,fiction
737e8751-fbdb-41f8-8dea-5bbb5ffcde13,3653291f-2caf-4c8d-acb5-574f652ae035,2023-05-29,2023-06-02,True,0,student,history
541ba6e7-60cb-4c55-8d46-b33da90a0d18,1d3acb20-3914-4e4d-b299-d6414ada43af,2024-04-24,2024-04-26,False,0,student,fiction
580b1d6b-87d4-4d41-b8dc-3d48eeef6c90,0ae9c7e7-4b78-4a33-9591-84ed9d1d977b,2023-10-14,2023-10-28,True,1,staff,non-fiction
c59db08a-d047-4353-81d4-dffec1245239,94d78443-74d0-4d54-b92e-dc889465b74c,2023-10-12,2023-10-28,False,1,faculty,fiction
836729fa-1c6f-4109-9787-9a5af97a64d1,d30eb859-154b-43b8-909a-8b93c70cf1df,2022-10-18,2022-10-27,True,1,faculty,non-fiction
f607881d-d5c5-4f45-b5b7-9f55be874678,97bb2179-bd47-4a39-b7f4-68ac1de38e14,2024-05-10,2024-05-13,False,0,faculty,art
d4830a4d-de44-4371-a248-b04bf6c726d6,a8999764-a23a-4503-abaf-a4145bc19e04,2024-11-09,2024-11-25,False,1,staff,fiction
feec4123-4bf9-4b6e-b7e8-d69356a3ae9f,46a20b05-deeb-4f60-bf5a-39bc8c6c3c35,2021-11-02,2021-11-11,False,1,staff,non-fiction
0f35c7d9-a6a8-407d-b069-d1ec9c44c308,a5a7bd27-6f8b-42da-a61d-c1b4fa8f6898,2020-03-05,2020-03-09,False,0,faculty,fiction
bd575277-d075-45d6-a8d5-7b497d293dbc,c7bb6bdf-5097-49f1-8645-7783989e8113,2021-02-05,2021-02-13,False,1,student,science
1166521c-ddd7-452f-ae90-77bc27ce0947,95b3367c-e785-49aa-a2e6-98a052ff3e05,2023-02-19,2023-03-11,True,1,student,science
839a974a-922f-4cbd-b4db-727309e08b63,fec49fe0-abea-482f-9ee1-a2890dc28c81,2022-11-25,2022-12-03,True,1,staff,science
bbe6cc15-561b-488d-b3cd-31958fc5eeea,1f67626a-73cf-46aa-bc1e-c9fb825d0360,2023-06-17,2023-07-05,True,1,faculty,non-fiction
60b9056c-41fe-49d9-99f4-affb85adda7d,48fda223-d759-4282-9bc9-e698ddb797dd,2022-10-31,2022-11-18,True,1,faculty,fiction
f5998ac2-f8bb-45f1-9cd1-c9cfa391e385,f2e05b8f-3ca7-4b05-b192-c13184f408a8,2022-12-23,2023-01-06,False,1,staff,history
59f56044-112f-48e7-862c-e084d6fb3197,e29dd334-e493-49b7-ae3f-01149e570d62,2021-05-01,2021-05-15,False,1,staff,fiction
7b6d17bf-32a4-4630-87f8-c83e5f5b96e0,0a6c6c31-54d1-4766-9b67-bb1890fcd994,2023-06-15,2023-07-02,False,1,faculty,history
cc6fa64c-ddf2-4ca8-a199-19d5eb662cc2,adf6a570-7c1f-40c8-8bfc-7187f983bf15,2021-04-25,2021-04-27,True,0,staff,art
ea30a0c7-7164-452b-b5bc-4ad83ca6a253,41f74624-2caf-43a7-9777-caaaad83238f,2024-01-29,2024-02-13,True,1,staff,art
121ed8df-dfe9-40e6-b759-7a8659c1b866,e2b79641-cb49-4ade-8727-842902322dd2,2024-11-01,2024-11-03,True,0,faculty,science
4e967888-f07a-43bd-ad29-a5eecaecfe5e,6526d7ca-6830-475c-80f8-4184d4c9e4e9,2024-08-08,2024-08-20,False,1,staff,non-fiction
feb03fd7-7e40-4a0e-8e05-fb2639c93e7b,328ffc88-d25c-4555-a52d-98ffbc05c629,2025-03-31,2025-04-09,True,1,student,science
43555d21-a42c-4b1d-a090-8d987248805a,3a5ef598-5f2f-437a-9139-3256c5c92f57,2020-08-23,2020-08-24,False,0,staff,art
2288712c-c023-4d07-92a0-07ed3cbb7a60,c8c3c904-67dc-4710-ad30-4e07f66d2b1b,2024-09-19,2024-09-24,True,0,faculty,non-fiction
b353945c-f3b5-452c-9f6e-b6d3a9cf4244,f3d8e98b-078a-4e12-80b8-c47121f4c99d,2023-05-31,2023-06-04,True,0,staff,history
f3108b3f-ae10-428f-8fa0-8293b19bc35e,44eee7e1-f9cc-43f3-8094-0292f5297c78,2021-10-31,2021-11-03,True,0,staff,art
b2863b57-25cc-4f96-8326-a8d30c61336b,e5b971a7-0670-4126-9792-3320a06d2853,2020-05-28,2020-06-04,False,0,faculty,art
6fe8affd-d08d-4a7b-a1b8-ba99e0c548fc,5d9c21c0-b18c-4811-b159-45ac43e651e2,2023-10-03,2023-10-10,True,0,faculty,science
3e1110ef-cba9-4bf0-a9d2-3cbdf212f0d1,e2ad7bfe-1992-42c5-8bc7-a48f992bb873,2020-05-16,2020-05-21,False,0,faculty,history
7d87d276-298c-45f0-b7fb-86dd95379872,90effcc1-4b7d-4fa7-b1a9-bd29bfa6a7f7,2024-07-20,2024-08-01,True,1,faculty,art
f73c612d-9419-4dd3-99c1-d21fd76fa418,a2f9f892-05c3-4b10-8e04-c936d9a7fae7,2024-07-25,2024-07-29,False,0,faculty,fiction
b009162b-6a0c-41b0-9bca-ae498944c795,b801c93d-d173-4bd1-bcc0-4819b5b5281c,2020-09-22,2020-09-29,True,0,staff,art
39b72db2-7608-41aa-bf99-393eb0701aba,92416001-b9b9-4a32-8aa9-f53d6f041e1f,2020-01-14,2020-01-28,True,1,faculty,science
eb2c614e-ff9a-4315-a3f2-ed54a64bd270,3f542fbe-13e3-4368-9ec1-b3e0245147a5,2022-01-14,2022-01-21,False,0,staff,non-fiction
b2cf0da6-d0c5-4b9b-9843-39147446154f,162e477f-1aea-4e48-ae8f-f4a7b680d7fc,2021-01-29,2021-02-02,False,0,student,history
c082c2a0-f079-4031-b589-b42bf24e3e69,39b122f5-f42c-445b-b7dd-d96ca2744599,2022-02-07,2022-02-12,True,0,student,non-fiction
2746e45c-458f-40e1-a24c-dbad6c174d79,aedaa531-9627-4bbd-8ec6-7c7a125f8215,2022-09-03,2022-09-06,True,0,student,art
4f083187-4dbc-4f63-b071-fbbb71526aeb,e1bb9385-8654-4187-ab7e-334d325b51bc,2023-12-11,2023-12-30,True,1,faculty,science
e7d18832-0b34-4ec5-95b6-1ab1429860ee,f5a2dc11-2a57-4432-b681-9054706d0d3c,2020-03-25,2020-03-30,False,0,student,art
064cb7a0-a55a-4d13-ac9e-d2ff126b1600,786561d2-9dda-4860-a685-53b1f9213bf7,2023-09-19,2023-10-08,True,1,faculty,science
0df8ad61-f6ee-473d-90b4-fedbe2c47376,c3e983c3-a992-4a1b-a375-7beb79044e6d,2024-04-18,2024-04-24,True,0,student,fiction
2c946d62-7588-4b97-aa35-8c13be516fe8,79bee1d9-5cbf-441f-a8d8-aa28e51c0480,2025-03-21,2025-03-30,False,1,staff,art
189cfa1b-507a-4869-89df-2a0e8aec27fc,77bc1ad8-653c-4170-a95a-3b7d6c93d083,2020-06-09,2020-06-15,False,0,student,science
54eea63e-578f-4354-9662-3db6f15e4b56,ee990c15-cd93-459f-b356-5b89535babde,2020-05-01,2020-05-06,True,0,faculty,history
594c6134-780f-42b8-bfcc-52383c23c732,5414c24c-cd55-46b2-a3cf-32cceb2167f8,2020-01-22,2020-02-02,True,1,staff,science
92721a6d-f876-4431-9e8f-c067c5dca53c,33056454-e20c-4289-9079-b3987574abcb,2022-11-12,2022-11-27,True,1,staff,history
6b87913d-c687-4e75-aecd-f9a8d221a5af,3131ea24-7abb-405e-a514-48321ebe7247,2023-10-31,2023-11-12,True,1,faculty,non-fiction
71483da6-3044-4a5a-afc2-e14e0ca4b343,d3dcffc5-fa1b-4c0c-9d47-e86f23adea7d,2024-04-29,2024-05-07,False,1,faculty,non-fiction
30f44edd-5351-48ac-a7a2-bc7d3899c774,4bde7d89-1772-4702-90ef-33e54115692b,2021-01-05,2021-01-24,False,1,student,fiction
38177e5b-8137-4df4-b207-ae68a54e0bce,febe217a-d596-464d-bbb3-45e2f43a0778,2022-10-24,2022-11-08,True,1,faculty,science
c07eb508-5c02-49e1-a272-dff065c6779a,64eee709-16ba-441d-a962-3dafb9423130,2020-07-23,2020-08-01,True,1,faculty,science
b2829c77-950e-48e1-8795-e16fc7670e1a,0380e548-d975-4de5-820d-2893634789f6,2022-06-01,2022-06-13,False,1,staff,art
ca5af11d-600a-48ba-af48-88cfdb306c8b,f9ce6ae3-79ab-44cf-8dc5-0337c76e975f,2025-01-05,2025-01-15,True,1,staff,science
f0b16356-d45f-4756-be09-9be7389c18d0,bd43c50f-dd11-4808-bfd6-b49ba9f856e0,2020-04-01,2020-04-02,False,0,staff,history
01e8251d-3ce2-4b59-8a64-737755ac0c42,232b8189-95ff-46e2-b97d-8ec42bf0ca1b,2022-03-15,2022-03-18,True,0,faculty,non-fiction
962e9948-b9d9-4423-8b36-110a180e8a33,ba297875-7106-4f46-b05c-b6d6b52ba399,2023-09-11,2023-09-16,True,0,staff,non-fiction
4ad87dbf-a125-4ab9-a187-cbc5b731713d,5f549d03-4553-4053-aaa8-3db345336093,2023-05-29,2023-06-05,False,0,faculty,fiction
1c7e7210-9d76-41be-9290-56c92e653e84,9a67b2b4-8327-4d59-b650-498f4e1764e8,2023-05-04,2023-05-18,False,1,student,science
9614c170-cca7-442a-a8fd-71b80aa15ff2,6b291510-6a32-4a6a-a59c-275ed8cd73f3,2025-03-06,2025-03-13,False,0,faculty,art
e6c4548a-7cfa-4ab3-a78b-b320df48da8b,32fa59e8-544b-4592-af86-ff4a9ec69219,2023-07-24,2023-07-31,True,0,faculty,fiction
6ccba585-da48-4deb-bd85-2461498a0b15,c5d232a3-b14d-40d4-95f4-0ad875e6d253,2021-01-12,2021-01-19,True,0,student,art
73936c75-2cb1-42fc-a954-975475f44e2c,cdb25109-321f-475f-8b6f-04bf111bc83f,2024-05-28,2024-06-11,True,1,faculty,science
88eac405-bda6-442d-a02b-468598f38c29,7e263f7c-8622-4edd-bedf-1d347400835d,2022-08-04,2022-08-14,True,1,student,history
8c35b4bb-3a75-42d9-9960-1f3aadc05f1c,6929a523-9959-45e0-9d3d-2a9830b9bd73,2024-02-09,2024-02-15,True,0,staff,non-fiction
690821e6-624a-495d-8153-d5844e8cd08e,33bb6ceb-3755-49f5-bc31-f6e646f5ee6a,2025-01-16,2025-01-26,False,1,student,non-fiction
545b0cf1-84f6-4fc5-a991-0dc512997960,c7be1bf8-7bcc-403a-ba44-c4aff3ee4ae2,2024-12-23,2025-01-12,False,1,faculty,science
59da9afc-7f00-4c57-9435-032be58966d7,4bab1644-eb39-4c49-9bb8-3d22c1cf9527,2021-11-08,2021-11-22,True,1,student,science
c6e44de4-5b29-4628-bb76-1294dcd0571e,4857aa8f-6e0e-41c4-b4f9-a5d67565067a,2023-10-12,2023-10-31,False,1,staff,art
68ca406d-cab7-4002-939d-fec217bcd8e3,87130ae7-139a-48b7-82bb-14f932916691,2021-04-23,2021-05-01,True,1,student,fiction
d030e2a7-1628-4d9c-84cd-dd0a8f0273ae,d5b7ea69-5d87-49ff-8008-f454f6e85d1f,2022-01-26,2022-01-31,True,0,faculty,history
fabd65fd-f0bb-44a8-aa63-9305e5025644,5c151cf5-f463-40ea-b3f0-723c40e5ea08,2020-05-12,2020-05-28,False,1,student,fiction
3a282433-2c76-464f-99f1-61d723cfb073,1587b587-846a-40c2-8d6b-b42bb6e44f01,2024-11-26,2024-12-12,False,1,student,fiction
77208ff2-0700-40fb-8d53-df90247bd7a7,e89cf68e-3c0a-4be4-92a1-324499f7962d,2025-01-06,2025-01-13,True,0,staff,non-fiction
7f81f378-2cd8-495a-a29f-af64d3dc2672,fd5fd47e-f313-413e-95c5-5634477ae520,2021-02-28,2021-03-04,True,0,staff,history
b561a4b9-820b-4017-a152-50b31198d102,2170cc9b-2f8a-4320-bf62-e1e0316e99a3,2022-09-03,2022-09-14,False,1,staff,history
b516e497-a613-4b1c-a80e-d4c644cc1932,551c0538-3866-4d24-ade7-cc1ba477d70d,2024-11-29,2024-12-09,False,1,faculty,history
fc148329-a872-4363-9ba0-644bf108b4ca,52be02bd-a798-4428-9453-9e3c879d9e20,2021-10-15,2021-10-26,False,1,faculty,non-fiction
fd877600-3c8e-4b3f-9b9a-d093b25480cf,1bdd021c-3801-4829-95e6-007f0bd0aadb,2021-03-04,2021-03-15,False,1,staff,non-fiction
e03e851c-4516-48dd-987b-c9728a26d61b,be99e937-f1ad-47a0-b13e-d88d49fdb42f,2023-05-11,2023-05-29,True,1,student,art
42ee2a6d-7f87-48b9-a8c2-bc3ae258ced7,d8590d72-f1e7-4aed-b118-9b6683d2975d,2022-06-18,2022-06-25,True,0,faculty,art
1c57580e-8377-456b-877b-0f761c834c00,fbdee57c-1480-465e-b418-41ad2d4d53e1,2023-08-18,2023-08-26,True,1,student,non-fiction
d60b545b-ed42-4238-b9aa-33e0c467df48,69c8354d-bc4b-420a-baf1-3c1fb815a0e1,2025-03-06,2025-03-15,True,1,student,fiction
ca3e8394-843a-4cb4-8747-a7a34c10261d,6334faed-39a2-4465-b830-522ec704a888,2024-09-17,2024-09-27,False,1,staff,fiction
d8d8ef9a-ea35-4f21-b13a-042df2e38c09,aaac0174-6e8e-478d-a414-8472012d56c9,2021-04-04,2021-04-06,False,0,student,non-fiction
684e4e21-fb37-4f44-904c-4f1720162d6a,e27bc5b0-b7d2-47c3-80bc-31f499a41056,2020-07-17,2020-07-18,False,0,faculty,non-fiction
